tang_id,area_km2,cluster_id
QC-TANG-4526b08d,0.026129571418491922,143
QC-TANG-173a5d88,0.6713990889686504,143
QC-TANG-eb29399a,0.05090853834572018,143
NS-TANG-39729d97,2.6227998317756525,85
NS-TANG-cd9645ff,0.4418688613990186,85
NS-TANG-4ebb9192,0.09349028454832403,144
NS-TANG-355ca180,0.11954242201404616,144
NL-TANG-cbfd82d4,0.20903802405576455,95
NL-TANG-bd514d4f,0.11356898532737597,95
NL-TANG-f82829ee,0.2135915899540808,95
NL-TANG-ffecb78a,0.01132916614996811,95
NS-TANG-f8efbcf8,4.885599466856637,109
NS-TANG-d9003ce0,0.45112051617446586,145
NS-TANG-0f38bf4d,0.5018060417896751,145
NS-TANG-f008d802,0.22530913970785385,145
NS-TANG-b85277ec,3.812704375851106,146
NS-TANG-e81f4f82,3.6867019165691497,145
NS-TANG-43e33773,1.0244283250416557,145
NS-TANG-41ed657b,4.870268510337679,146
NS-TANG-0a01c7a2,0.13619229566021862,145
NS-TANG-d0ec7282,0.8327232531643494,145
NS-TANG-f92857ff,0.059727575229900784,145
NS-TANG-c45175bd,0.04892472208778908,145
NS-TANG-26111081,0.24638746843930834,145
NS-TANG-350740cf,0.5753132624592585,145
NS-TANG-f4127c22,0.04980114976464166,145
NS-TANG-0c3af810,0.17538133140778006,145
NS-TANG-5705033f,0.03246300029925739,145
NS-TANG-a39d583e,0.03737843217813546,145
NS-TANG-aa948938,0.04620013875920893,145
NS-TANG-f9489cbb,0.45112135177361207,145
NS-TANG-cabd53aa,0.024872297783226825,145
NS-TANG-47918ac6,0.35230691764833005,145
NS-TANG-c3b455e7,0.27780953669924796,145
NS-TANG-64eb1c9f,0.08622724408599768,145
NS-TANG-928f139b,0.3919859560412514,145
NS-TANG-a0532e7c,0.4345773050006779,145
NS-TANG-62ff2eee,0.586856277232344,147
NS-TANG-46cd5825,0.2705109886125975,144
NS-TANG-45c7d080,0.012064464261882858,148
NS-TANG-8feae4db,0.4482116956137035,148
NS-TANG-86231cf6,0.2063074061654741,149
NS-TANG-a5aac955,0.24541539247780286,149
NS-TANG-1604a423,0.07586645867946205,149
NS-TANG-e6f8df90,0.6873216817418902,149
NS-TANG-75440ae2,0.14258483776670136,150
NS-TANG-8fd3a164,0.09487792399102611,151
NS-TANG-ce2e6c91,0.09990757457010702,151
NS-TANG-06ee6b68,0.2375246239242091,151
NS-TANG-846eba8e,1.4671854796421935,151
NS-TANG-e2aac687,0.270381788555717,151
NS-TANG-2bd73c1c,1.441381021419644,151
NS-TANG-09bc694d,0.12437434772784957,151
NS-TANG-1ae33bff,0.08324153432329728,151
NS-TANG-59251450,0.23024547192687053,152
NS-TANG-f3050107,0.016274588378470366,153
NS-TANG-9887b72c,0.03198240664860524,153
NS-TANG-9288a844,0.04093658550409326,153
NS-TANG-7fcc2124,0.14928945689373477,153
NS-TANG-bf4f4faa,0.3086835895156728,153
NS-TANG-a9526ecd,0.008174442304118911,153
NS-TANG-b146b508,0.5977600544449264,153
NS-TANG-4191306d,0.8127121635935833,153
NS-TANG-8cce6b3c,0.2275946999412549,154
NS-TANG-7b2ae816,0.14613915199860972,154
NS-TANG-3464442a,0.04083463258451047,154
NS-TANG-a701830b,0.4040210893404739,154
NB-TANG-9ff4da98,0.1813804265509129,155
NB-TANG-b8915f5f,0.05047158530957534,155
NB-TANG-00f6d27d,0.2322577108927443,155
NB-TANG-639a112d,0.035263268641229716,155
NB-TANG-178ba551,0.07555922071860527,155
NB-TANG-f76a8a2b,0.4943829592368035,155
NB-TANG-a89f6222,0.09322443371092871,156
NB-TANG-beaa6d26,0.035638373381338136,156
NB-TANG-4f661fba,0.15948990378970956,156
NB-TANG-7a819feb,0.04931482040908771,156
ON-TANG-ee7e8d18,0.005312155704863098,157
ON-TANG-b962ed29,0.017633949749336318,157
ON-TANG-958b8200,0.4526089629256422,158
ON-TANG-09287b6f,0.8485967985439608,158
ON-TANG-87df6ba6,0.04013819279380612,159
ON-TANG-c0a4c51c,0.016029220966898836,159
ON-TANG-3c0cbf72,0.05266354174660476,159
ON-TANG-a2c63d65,1.0414255609865648,160
ON-TANG-27378406,0.6486335848692372,160
ON-TANG-a5df9e70,0.12725525710902846,160
ON-TANG-8fa83596,0.460997293226086,160
ON-TANG-f8e6d8b8,1.4522345936020284,161
QC-TANG-48a1ca03,0.3697102018994493,52
QC-TANG-43472f70,0.37659716641177177,52
QC-TANG-059990bd,0.15770500928692685,52
QC-TANG-f182c770,0.34457229391911187,52
QC-TANG-7e9dc092,0.557484683181415,143
QC-TANG-4d324699,3.7001167936075747,162
QC-TANG-7b05e757,0.2600647202358594,162
QC-TANG-575490d5,1.220935436844129,162
QC-TANG-25173a9f,2.4584351793388444,162
QC-TANG-2fdb9c39,1.7769381184684083,162
QC-TANG-bca38362,2.3196207958425488,163
QC-TANG-6a1e5e78,3.5925653559447484,163
QC-TANG-0ae78891,4.678755422403383,163
QC-TANG-96b990bb,5.735217391144393,163
QC-TANG-8a1e9c1e,0.3335826262366858,18
QC-TANG-b9d049fc,0.2673027193499799,18
QC-TANG-6458626e,0.14025361402171815,18
QC-TANG-c28e0c92,0.1922273450895236,18
QC-TANG-0f6c1d30,0.7210979611388925,18
QC-TANG-a16aa680,0.17420410320660001,18
QC-TANG-6af7b675,0.3374756338367071,18
QC-TANG-35570664,0.19242126387726097,18
QC-TANG-3e0f7d53,0.3460834630491536,18
QC-TANG-6e5673ca,1.1417343951202004,164
QC-TANG-3b74ce7c,1.1433684268928213,163
QC-TANG-78e2297a,1.1137223883850846,163
QC-TANG-059ce9fa,0.1759051443338987,163
QC-TANG-9393aba0,0.7450195583871523,163
QC-TANG-cc2f154b,1.431746324520179,163
QC-TANG-efc61824,1.1516218969177792,163
QC-TANG-dfba57e0,0.2847159995949579,163
QC-TANG-9e9081b4,0.2474740604398678,163
QC-TANG-1502575f,0.07936102908859535,163
QC-TANG-559d4e5d,1.7238496081423387,163
QC-TANG-3bbb0a43,0.108731079243577,165
QC-TANG-caa12758,0.1426838004064447,165
QC-TANG-40310d16,0.20258428856984084,165
QC-TANG-7cdc5844,0.037462655687110075,2
QC-TANG-bf660769,0.08202516389627751,2
QC-TANG-49326615,0.9399779467194167,2
QC-TANG-4f76704e,0.02097222480758397,2
QC-TANG-4e06b861,0.4041402893776569,2
QC-TANG-1e44c282,0.2473696360694307,2
QC-TANG-3728ccab,0.04109073472456038,2
QC-TANG-3b3c1a0d,0.043269621647359244,163
QC-TANG-47faadd9,0.017703426329848705,163
QC-TANG-fbb26409,0.15667949175748605,163
QC-TANG-b8cc8a2c,0.41594331893917214,163
QC-TANG-fcd781d9,0.1135286338331789,163
QC-TANG-a059b9ee,0.11965873903150757,163
QC-TANG-0ccec5da,0.1441920200167109,163
QC-TANG-66f400bb,1.3714431477697129,163
QC-TANG-2b9c758a,0.06425373897548847,166
QC-TANG-b02b5287,1.254619112952202,10
QC-TANG-00e495d9,0.25145492936459984,164
QC-TANG-cb33aa9d,2.0876896098188116,164
QC-TANG-adddd48c,0.023414860829102276,167
QC-TANG-e006cf39,0.12416182338778002,167
QC-TANG-95735e6c,0.4849869624282948,168
QC-TANG-51b646ad,0.24351807457807859,167
QC-TANG-2a3ebe6d,0.7530435832454633,167
QC-TANG-64b100a0,0.01420179572345025,87
QC-TANG-d944affd,0.15742616484090083,87
QC-TANG-7d0b0c36,0.17588095887839114,87
QC-TANG-970c0ba8,2.81566430336915,10
QC-TANG-c6b05388,1.2679491779535903,10
QC-TANG-a06d95df,0.14684727631241654,169
QC-TANG-f20be244,0.019670028441290947,169
QC-TANG-b00f6785,0.026459942267948684,169
QC-TANG-4be356cc,0.03871216889117782,10
QC-TANG-5e6241eb,0.32388321558511385,10
QC-TANG-c2d1e592,0.7508865374690756,10
QC-TANG-0a91c49d,0.6565830330887322,10
QC-TANG-bf288b44,1.6666698936803124,10
QC-TANG-242d0cbe,0.19173730042732381,170
QC-TANG-c31608cb,1.3095146022057809,82
QC-TANG-7980f338,0.9784750813031164,82
QC-TANG-6831a13d,0.40169737950103446,82
QC-TANG-678b75de,0.4791346951698895,0
QC-TANG-0272eb32,0.30440511297262013,0
QC-TANG-c0aeb4c3,0.050290135542705984,1
QC-TANG-dd3c301c,0.010299529475264357,1
QC-TANG-c6d6a80a,0.0152485495989623,1
QC-TANG-b28566c1,0.01741351912450498,1
QC-TANG-fd814a64,0.0384988744835588,1
QC-TANG-24020727,0.019260714917820523,1
QC-TANG-8dd51cc8,4.62111784132591,1
QC-TANG-9fba572a,0.4092609945938836,1
QC-TANG-42a3db1c,1.9457910151464246,1
QC-TANG-0e76256f,0.07674144711640309,171
QC-TANG-4e23e689,0.0989349591744672,171
QC-TANG-d99dea61,0.023198630003598147,171
QC-TANG-99d47dcc,0.4231586323200454,171
QC-TANG-f3d4cea4,0.08206068411645895,171
QC-TANG-ed7c2519,0.14086263554193368,171
QC-TANG-001e4790,1.2822271586556018,113
QC-TANG-6c5acf8a,0.2999931828397545,113
QC-TANG-b37a3f38,2.4998021726145194,113
QC-TANG-73550db3,0.11692621129833153,113
QC-TANG-844f4485,0.06118585358644216,113
QC-TANG-de8d71a8,0.03429004334035102,77
QC-TANG-06f92006,0.23527458863128692,77
QC-TANG-ba6e8976,0.03405003882803872,77
QC-TANG-c46486c4,0.23075447492120724,77
ON-TANG-48cc7b79,1.3452251557751747,110
ON-TANG-a10e6c27,0.47981949488420544,110
ON-TANG-9d9e7fb5,2.3372844649771976,110
ON-TANG-67e2fc50,0.04848405551048923,172
ON-TANG-b68f15be,0.07614021997363489,172
ON-TANG-eaa33b73,0.0992123414754514,172
ON-TANG-60f1fb46,0.061950765052028275,172
ON-TANG-fee8662a,0.02953094735589958,172
ON-TANG-66f9e3a0,0.017964461385448376,172
ON-TANG-ea7b9e4e,2.353432391997101,173
ON-TANG-90a3c3d4,0.6636823056567641,174
ON-TANG-69968f5f,1.551591414805753,174
ON-TANG-dce6504a,0.05832732710905736,65
ON-TANG-6370dbda,0.9733057129155355,174
ON-TANG-2b170f72,2.7134229147341653,174
ON-TANG-081a582a,2.4358176473000603,175
ON-TANG-61404871,2.3208415252480306,176
ON-TANG-d82635b7,1.4875553167293252,176
ON-TANG-a188a7df,1.3030536834371773,176
ON-TANG-a12d6b75,1.4970803659289493,176
ON-TANG-bcf36d3d,0.185818712274525,176
ON-TANG-5c77fc9e,0.14307210233973625,176
ON-TANG-e89b46de,0.8105398825433583,177
ON-TANG-bc629ac8,0.9379591719839128,177
ON-TANG-0394c216,5.717215861760613,177
ON-TANG-db239dea,2.798780497290183,177
ON-TANG-68c6551a,1.5118303487167764,178
ON-TANG-271fc792,1.629737202272303,178
ON-TANG-cf24bc32,1.3928859195421825,178
ON-TANG-6e11ff9a,0.41020614715847026,178
ON-TANG-a572839a,0.5156980122948449,178
ON-TANG-56492846,0.8537498531145327,178
ON-TANG-5a122262,0.1776386172349909,178
ON-TANG-a645126f,0.8331841486630742,157
ON-TANG-19de0273,0.17987768789265005,157
ON-TANG-742b9e45,0.18441649962812842,179
ON-TANG-88c4d5c5,2.209748500250187,179
ON-TANG-81672b35,0.5503121175277036,179
ON-TANG-657b7ec5,0.04189005354279753,180
ON-TANG-423e85d3,0.19747321228935516,180
ON-TANG-4b878069,0.6118935748245521,158
ON-TANG-d5f57993,0.1949879862432302,158
ON-TANG-f7d0c844,0.02399539131764036,158
ON-TANG-002a4395,0.1643241245847376,178
ON-TANG-a7da1225,0.11732520037269527,55
ON-TANG-99a8b95a,0.17401059695513113,55
ON-TANG-5ea9a5a5,0.01744318048931831,55
ON-TANG-0935cd8e,0.01069147579121359,55
ON-TANG-296482df,0.061472204548952795,55
ON-TANG-fc8fb5d8,0.05908838818052756,55
ON-TANG-86c2ba52,0.10855360215634481,55
ON-TANG-f692395c,0.21761666698188956,55
ON-TANG-270da632,0.7318272428804827,55
ON-TANG-92302d46,0.04698065817947528,65
ON-TANG-57dc0d8e,0.06334916276746044,181
ON-TANG-0e59ff7c,0.010021704301844798,65
ON-TANG-66a6b1b1,0.09198171807950047,181
ON-TANG-1dfc5666,0.049959012630082435,181
ON-TANG-34de2f38,0.07489084797973071,65
ON-TANG-7ffe6687,0.06472900456823497,181
ON-TANG-af33c8a8,0.07306560876909915,65
ON-TANG-52ece1f5,0.023383126537518065,181
ON-TANG-3833dfd7,0.024296901374337737,181
ON-TANG-0bc01d87,0.04382021383912675,181
ON-TANG-c7c6b9ed,0.031783812740742955,181
ON-TANG-de2257f9,0.03297235844269671,181
ON-TANG-f2ed4dbf,0.7861283795324119,181
ON-TANG-9a51d5c5,0.05342941109275797,65
ON-TANG-1c24ffe1,0.07967450397019468,65
ON-TANG-a5b83aaf,0.11867089504048432,65
ON-TANG-0bc225af,0.06754978980927868,55
ON-TANG-56fea348,0.09757787320366929,55
ON-TANG-cdfa8547,0.0677837446492887,55
ON-TANG-98589650,0.20210122471542974,55
ON-TANG-0c430ff3,0.11761108930560123,55
ON-TANG-29bb92e6,0.5285556990197136,55
ON-TANG-84b0a33c,0.14118478668915707,55
ON-TANG-501f3305,0.1307123183199737,55
ON-TANG-84960faa,0.8384836515463923,55
ON-TANG-c14f4cfb,0.05210297359119237,55
ON-TANG-22c05941,0.3263298564827419,55
ON-TANG-b2ae3d45,0.0417780174515357,55
ON-TANG-01dc46a6,0.013394239107469282,55
ON-TANG-bb1b13cd,0.016326651720338075,55
ON-TANG-180d862c,0.03806990963775875,55
ON-TANG-d7873aa0,0.03233274013747396,55
ON-TANG-b2f92ed3,0.1459548830767799,55
ON-TANG-33685d16,0.02852794786852935,55
ON-TANG-f13c3a59,0.4248847597039602,55
ON-TANG-59921ff2,0.2799238393297438,55
ON-TANG-da4cdc5f,1.505083416666727,55
ON-TANG-ef81f5d1,0.027087841324198336,55
ON-TANG-468bfd02,0.15130761468291898,55
ON-TANG-45edb0f0,19.894497362448988,55
ON-TANG-5f42b108,9.881457534570172,55
ON-TANG-17b56b79,3.3587874660677137,55
ON-TANG-a461880f,1.9429864224228657,55
ON-TANG-923cca7c,0.38703889038832845,55
ON-TANG-c548b001,0.04125472397498613,55
ON-TANG-9e53b380,0.027589898700076144,55
ON-TANG-03a61542,0.008931295440574425,55
ON-TANG-41b79038,0.1026150043538126,55
ON-TANG-b736403f,0.16230503837462884,55
ON-TANG-1da8bed5,0.5623063756858211,55
ON-TANG-9a2ed4ae,0.2595864246104612,55
ON-TANG-4c3b5fcb,0.2090480943305168,55
ON-TANG-134ce3aa,0.25347396200654965,55
ON-TANG-87c35b5a,0.0094962411222975,55
ON-TANG-6e1a01e9,0.027500481533850415,55
ON-TANG-c37f2a97,0.4631616132578407,55
ON-TANG-10d8b6b5,0.41683627418538444,55
ON-TANG-0607160c,0.47803207880162535,55
ON-TANG-f95d7fa2,0.28629733186981426,55
ON-TANG-a4463e86,0.9681053588905559,55
ON-TANG-9ad75477,0.9375157456371442,55
ON-TANG-9d4db5be,0.8430958269427037,55
ON-TANG-aab613af,0.9029776327756832,55
ON-TANG-5256c373,0.5751584878149879,55
ON-TANG-e31fc140,0.4312603293577049,55
ON-TANG-9396f03d,0.2474367210431527,53
ON-TANG-f4bf3277,0.5644808436878189,53
ON-TANG-38081b48,0.16426815084911223,53
ON-TANG-64a02106,0.6585991855062017,53
ON-TANG-49c05238,0.23640566799278814,55
ON-TANG-242d3b42,1.921714502912294,55
ON-TANG-073e1da5,1.0770288046879533,55
ON-TANG-54342a70,0.5583394539767826,55
ON-TANG-39232a2d,0.06679540873206755,55
ON-TANG-8ffa0fa8,1.0816805687817495,55
ON-TANG-0c9be41c,0.6594301710368538,55
ON-TANG-2692600f,0.5865227561324251,55
ON-TANG-07447c87,0.40929650163984016,55
ON-TANG-377cc1b5,0.34444178499763856,55
ON-TANG-203a12df,0.47705541434856225,53
ON-TANG-0bf5e30c,0.28454148487153746,53
ON-TANG-00437769,0.11937414573627003,53
ON-TANG-65d841a0,1.0628720589205243,53
ON-TANG-25f15731,0.08491389007465286,53
ON-TANG-943a9a17,0.3058563000375741,53
ON-TANG-b52d8410,0.35897504894652404,53
ON-TANG-9e5d62fa,0.030616331355004845,53
ON-TANG-b5ffb948,0.038082667612521555,53
ON-TANG-01e90d97,0.5351891817668631,53
ON-TANG-7aae4cb6,0.3901982131925248,55
ON-TANG-56d59bdf,0.04291935859010893,55
ON-TANG-3e7c33d8,0.35082499941721723,55
ON-TANG-1fb03a73,0.6030335225553934,55
ON-TANG-79d44aa7,0.048563109697777086,55
ON-TANG-6340c6a2,1.343983998213455,55
ON-TANG-56ea0da3,0.41160430045571744,55
ON-TANG-ea090384,0.24870206176572038,55
ON-TANG-6cfc9667,0.02538132863520357,55
ON-TANG-95508a48,0.16863105946378734,55
ON-TANG-cc847791,0.813378422348596,53
ON-TANG-f78ed8fc,0.5101570383651648,53
ON-TANG-34ad8c06,0.3402527549731916,53
ON-TANG-562ad2bd,0.43737813512590784,53
ON-TANG-444bd253,0.6964172383276985,53
ON-TANG-03175f0f,0.22058100059299782,53
ON-TANG-203d6940,0.18050441223014818,53
ON-TANG-46008a26,0.04594185071605952,53
ON-TANG-f9750c98,0.16288054514128172,53
ON-TANG-c2914237,0.04039008856047775,53
ON-TANG-07f656d3,0.16739157254704126,111
ON-TANG-b8f5aaf9,0.08307805603183684,111
ON-TANG-0b86ff89,0.2126424520250317,111
ON-TANG-4eb56699,0.26081960873058546,111
ON-TANG-f3d2ebbc,0.12388755763417161,111
ON-TANG-ded22e5a,0.1797933317478909,182
ON-TANG-3819d925,0.11047715677274729,98
ON-TANG-cde22279,0.021931017128385348,98
ON-TANG-1f23d9f3,0.024471926500907612,53
ON-TANG-867b05f4,0.10438350721144427,55
ON-TANG-c7937973,0.039962916987624025,55
ON-TANG-810ccbc1,0.01611962880384553,55
ON-TANG-2af0e78b,0.04609883704705596,55
ON-TANG-9a371c3e,0.38571634213759665,55
ON-TANG-3110b119,0.13097099226058107,55
ON-TANG-039c1b60,0.22340417327237955,55
ON-TANG-ab09ce27,0.06645621132306918,55
ON-TANG-d93686d4,0.007891563813356085,55
ON-TANG-e08b5240,0.08931190450128398,55
ON-TANG-722be87f,0.20947095466654395,55
ON-TANG-eb33fb73,0.060464797722530654,55
ON-TANG-cdf2d57f,0.10416305719369194,55
ON-TANG-89bce7cd,0.08561086343489753,55
ON-TANG-cfc631a0,0.052566541999350555,55
ON-TANG-739ecc28,0.08639819030044389,183
ON-TANG-ac1e7c1b,0.07977143911507303,183
ON-TANG-b0168863,0.20101005619865997,55
ON-TANG-5c437232,0.14926905305023153,184
ON-TANG-4de1269a,0.18823681989231564,185
ON-TANG-dcec5f69,0.5352213629016932,185
ON-TANG-5ed6ee88,0.48256256510625073,185
ON-TANG-302ccebf,1.0904643370626173,185
ON-TANG-f5bac8fb,0.08823243076379832,186
ON-TANG-cd14c01b,0.028377101703134445,186
ON-TANG-e553cf41,0.1794786742211109,186
ON-TANG-87ff9970,0.020379842467063904,186
ON-TANG-70145178,0.0737443385330078,186
ON-TANG-c9395e4d,0.07463763207233558,186
ON-TANG-05924ff7,0.30754351372854266,9
ON-TANG-980685ca,0.0401497231510054,9
ON-TANG-b3416c1e,0.03206443094930552,9
ON-TANG-e5043c20,0.060703451352450526,9
ON-TANG-0efa9e3d,1.2794482654125672,9
ON-TANG-dae6a79a,0.06850374272312647,9
ON-TANG-f7142135,1.4056178540969153,9
ON-TANG-f3315ae5,0.1621197017111176,9
ON-TANG-054accde,0.015393232924869186,9
ON-TANG-76ba8b63,0.15034177202092092,9
ON-TANG-e95991f5,0.215621040723461,5
ON-TANG-5ef427d5,0.18956524862625287,5
ON-TANG-63aff95d,0.04034570967520125,187
ON-TANG-f2000e96,0.08093062166685652,187
ON-TANG-c99baf5a,0.09667662735816038,187
ON-TANG-02eec60f,0.012316475900789848,5
ON-TANG-da8c0b4e,0.012373830373412905,5
ON-TANG-535d1f93,6.034671592757977,5
ON-TANG-e1741a61,1.1624744742984372,5
ON-TANG-4c3dae77,0.08205715226186613,5
QC-TANG-5ddcd162,0.1312251969795613,2
QC-TANG-0d8c6ad2,0.036980722479914394,2
QC-TANG-9290798b,0.012019515215757774,2
QC-TANG-1ea96b2e,2.3543738144017783,2
QC-TANG-7951552d,1.085615317215245,2
QC-TANG-08440494,3.314725217884468,2
QC-TANG-9381656e,0.22638946191052145,2
QC-TANG-340357ab,0.033330030869842535,2
QC-TANG-27eef1d5,0.16791890264039938,2
QC-TANG-5cd1b942,0.19897989919498724,2
QC-TANG-50ae6145,0.5591723133576014,2
QC-TANG-4f675c6c,2.3314387731147836,2
QC-TANG-4d73abd3,0.011429926952472693,2
QC-TANG-1d95a329,0.14132156746750424,2
QC-TANG-c099c00e,0.060155736764905994,2
QC-TANG-b404ca87,0.05524528911434232,2
QC-TANG-c99a1f56,0.11442768975586533,2
QC-TANG-8a4d5f7d,0.01572420185019909,2
QC-TANG-446be24a,0.04980392995970893,2
QC-TANG-7e19912c,0.054346233185522584,2
QC-TANG-e9d8f347,0.10225665768283335,2
QC-TANG-ece99407,0.20756272232655232,2
QC-TANG-f141791d,0.04249219579056214,2
QC-TANG-7a6b3845,0.1950707391170329,2
QC-TANG-3cba0842,0.1149193274040814,2
QC-TANG-6e14a593,0.037440805181458946,2
QC-TANG-c3c9d22f,0.11530672389155713,2
QC-TANG-9b4621e9,0.013348536837221574,2
QC-TANG-7bd030a8,1.4864891774850726,2
QC-TANG-a502d15d,0.04011141933891442,2
QC-TANG-1fde0082,0.6231801306375361,2
QC-TANG-933704ba,1.7445532428981134,2
QC-TANG-4f39ef00,1.8870120995862985,2
QC-TANG-4c01a496,0.05502457535441205,2
QC-TANG-33c2d364,0.2247185344419843,2
QC-TANG-15065568,0.23842491195180335,2
QC-TANG-c7a9b5c9,18.058206589900255,2
QC-TANG-51c51381,1.0875453692504469,2
QC-TANG-ef0dba86,0.08074185524353247,2
QC-TANG-5622d149,0.09076830255763446,2
QC-TANG-4688c5e9,0.03319775257888058,188
QC-TANG-97c4116b,0.05098926427442797,188
ON-TANG-e58e4f59,1.506799750081192,5
ON-TANG-6e8146e3,0.1674418075568029,5
ON-TANG-a1302df7,0.5701531922216151,5
ON-TANG-ff12a235,0.05316195866150324,5
ON-TANG-21fa3147,0.5261603225758046,5
ON-TANG-aadabfff,0.09972845332977472,5
ON-TANG-0a9b0d08,0.04585159037059631,5
ON-TANG-79471a4d,0.053910315708082454,5
QC-TANG-e5948de8,0.6405228024859712,2
QC-TANG-13d7b86e,0.23524989470511584,2
QC-TANG-d55e91e7,1.437682709392189,2
QC-TANG-cfe64fa3,0.22321972809970178,2
QC-TANG-61d6a637,0.005025663273629507,2
QC-TANG-a7e21c13,0.12428227036166545,2
QC-TANG-17fcdcc2,0.08266727746092105,2
QC-TANG-490653f0,0.04303878738853755,2
QC-TANG-1c7e1833,0.44059949630504086,2
QC-TANG-9977e3b0,0.632383418949144,2
ON-TANG-784f33e1,0.18201078388888423,184
ON-TANG-ce649eb3,0.2320624599046743,184
ON-TANG-b730f6bc,0.06394722592904431,31
ON-TANG-72c1706e,0.06846999320374686,31
ON-TANG-dbbe6945,0.10359213957726872,31
ON-TANG-7bd2e251,0.41158702649515505,31
ON-TANG-991f8a39,0.06484868654725474,31
ON-TANG-2aa81702,0.11940169293244801,31
ON-TANG-7abdbbc5,0.04353948676820392,31
ON-TANG-2194de44,0.04233165886346435,31
QC-TANG-4306f66a,1.3634868434972394,2
QC-TANG-85d032e4,0.2186561060097945,2
QC-TANG-ef6057bb,0.1343032556866648,2
QC-TANG-949a9dad,0.049451620384990194,2
QC-TANG-4ae67496,0.10429792215047412,2
QC-TANG-656225d8,0.09530403440088828,2
QC-TANG-ca638453,0.04833109802636572,2
QC-TANG-643f4e4b,0.207106258943337,2
QC-TANG-d4108a36,0.055818902381010053,2
QC-TANG-45fc6319,0.02400549123997401,2
ON-TANG-c4cfe8d8,0.07616279478996567,5
ON-TANG-2244a0dd,0.051581438925986545,5
ON-TANG-f073b6fa,0.7401019628347695,5
ON-TANG-66b092dc,0.7301373663559079,5
ON-TANG-e6a58832,0.2558284248766172,5
QC-TANG-bf53f04c,0.24803576594632878,54
ON-TANG-38ce298c,0.8334145335681057,5
QC-TANG-4be7942b,0.24192061543007176,54
QC-TANG-6b05dc4d,0.5999991332596604,4
QC-TANG-2beacd25,0.6869289334976851,54
QC-TANG-8483fa56,0.4644478173993358,54
QC-TANG-7bc4080f,3.9259415468250087,54
QC-TANG-aa60cea6,0.6752189305713197,54
QC-TANG-2dbb7045,0.019405186732599167,54
QC-TANG-2644b4f9,0.026568065719896703,54
QC-TANG-36dc25c5,0.27202383943309555,54
QC-TANG-612b0ac7,0.06337795817991324,4
QC-TANG-7df6babc,2.695652871239525,4
QC-TANG-ab36dafe,0.3970515886171736,54
QC-TANG-6887e0c2,2.142526424767719,4
QC-TANG-491e1045,0.08927908087294412,2
QC-TANG-5427c0d1,0.13616896211574564,4
QC-TANG-4c52117b,0.026343293558421455,4
QC-TANG-75f979ab,0.0972765725807979,4
QC-TANG-65b36f15,0.010566212585594025,4
QC-TANG-7e79ab57,0.39363983584477336,4
QC-TANG-e2e3af48,3.229680359424387,4
QC-TANG-19e41bad,0.09720987894888106,4
QC-TANG-b01c6b95,0.02963857009862016,4
QC-TANG-487027d6,0.2546116997350385,189
QC-TANG-5604677f,1.2350705716051564,54
QC-TANG-992b3a6e,0.0841263835740571,4
QC-TANG-261aa4b7,0.08365312222409213,54
QC-TANG-bcf20564,0.2588049346801145,4
QC-TANG-15b07384,0.037959464257506015,54
QC-TANG-9b04301a,0.7431161882046834,54
QC-TANG-e4209c07,0.032127102503447094,54
QC-TANG-95cfe404,0.7494675516457702,4
QC-TANG-c065d3f1,0.29539057105597183,54
QC-TANG-3164254b,0.09272916451279051,54
QC-TANG-7cdf105a,0.0985181456049172,54
QC-TANG-a25378a5,0.07517907643164208,54
QC-TANG-773882e0,0.3922455887901607,54
QC-TANG-40980139,0.03524313727881332,54
QC-TANG-05117eb5,0.05009061418347513,54
QC-TANG-2e538d62,0.1056652011127573,54
QC-TANG-1897bf80,0.33470044935958476,54
QC-TANG-b9f4520e,0.3666529286988891,54
QC-TANG-81eb5e8d,0.27160790549796215,54
QC-TANG-2bd634a3,0.052594456673327385,54
QC-TANG-66eaaec9,0.1471372021063528,189
QC-TANG-c84954fe,0.20052853635020904,4
QC-TANG-9a41df27,0.16388763939292905,170
QC-TANG-bc16f6c0,0.16158245871446977,170
QC-TANG-33a771f5,0.2335626736622983,170
QC-TANG-5d23663b,0.09090748976375043,170
QC-TANG-cf983363,0.16520020486280879,170
QC-TANG-26ae6f46,0.03392780152053411,170
QC-TANG-d21e20a3,0.05061214234462367,170
QC-TANG-00da0a30,0.24510270791848232,170
QC-TANG-62fcb88c,0.016430954651207415,54
QC-TANG-b39ee0e7,0.5539209067402748,54
QC-TANG-39491a01,0.1646899650273947,54
QC-TANG-9b65b800,0.5733840764288456,54
QC-TANG-2548252a,0.1024467794072699,54
QC-TANG-e9cd7416,0.046843539284793165,54
QC-TANG-48346556,0.01801084964426183,54
QC-TANG-27886d88,0.5114199480425282,54
QC-TANG-62f4620c,0.6497572794580219,54
QC-TANG-ba5b8e7e,0.7759244851790162,54
ON-TANG-69ff0a56,0.029069591773278114,31
ON-TANG-9798c7cb,0.37579868068767575,31
ON-TANG-ee116cff,0.09587951798894993,31
ON-TANG-5e5574bc,0.13722623586537805,31
ON-TANG-8e35c50a,0.72296758286023,31
ON-TANG-41f18a79,0.09972291157419898,31
ON-TANG-a144c668,0.2783764712436077,31
ON-TANG-5e031622,0.0290949642361722,31
ON-TANG-1b0e6ba3,0.4332335841343431,31
ON-TANG-b69752dc,0.03928436255007414,31
ON-TANG-454363fc,0.015135496423142616,172
ON-TANG-afab8acd,2.2107052353253427,172
ON-TANG-df2f0df9,0.03747448753373376,172
ON-TANG-08d034f0,0.04712334233837344,172
ON-TANG-a1370161,0.07290628731748224,190
ON-TANG-3b3b9590,0.07543556653476689,190
ON-TANG-f0ea0f79,0.5020893931287694,190
ON-TANG-c9a13930,0.5759679191011465,31
ON-TANG-17f14013,0.5861199408942854,31
ON-TANG-7e9a67cb,0.37175473857294833,31
ON-TANG-4721687c,7.42390862557286,31
ON-TANG-d66341ab,0.15246091945768483,31
ON-TANG-0d1ac9de,0.31658093624003636,31
ON-TANG-fbdcadde,0.11529839252571951,31
ON-TANG-f16c319f,0.10890359186023892,31
ON-TANG-d4bd5fb7,0.14262367058060124,31
ON-TANG-4c7bfea1,1.9470164984447857,31
QC-TANG-388a6b8e,0.1662969866184578,54
ON-TANG-ef3cd59a,0.05948096183350967,191
QC-TANG-29d577b1,0.018836439864088343,192
QC-TANG-1c903764,0.04737530956959731,192
ON-TANG-ad21a008,0.38966306595655414,66
ON-TANG-235b6e79,0.0763304543279868,66
ON-TANG-574ed26e,2.143061742099055,191
ON-TANG-42e02b89,0.9479089324666647,66
ON-TANG-4adb7d41,0.0584543648100717,66
ON-TANG-0db92090,0.10009287698150134,66
ON-TANG-6a666aa4,0.26165148923351084,31
ON-TANG-17a0566f,3.512631992361845,31
ON-TANG-0ca2470c,0.06686750564356855,31
ON-TANG-a52f6f78,0.17203304698261437,31
ON-TANG-d105040a,0.08829341240624627,31
ON-TANG-a0dd6357,0.03087918166233188,31
ON-TANG-d617978f,0.11308405098360767,193
ON-TANG-27cf5b82,0.050933924635138114,31
ON-TANG-0d87c3fe,0.022310435227413352,31
ON-TANG-587779ce,0.0646552610051175,31
ON-TANG-abee3fc4,0.3854616343729411,31
ON-TANG-94c5eab5,0.36515362070021584,31
ON-TANG-eac15156,1.0019185275948235,31
ON-TANG-55a590da,0.6998278861490608,31
ON-TANG-6add2919,0.04337815256919566,31
ON-TANG-55cfc309,2.394558599217139,31
ON-TANG-3b1598bd,0.03265876053892528,31
ON-TANG-1aca67fd,2.30542010080473,31
ON-TANG-0ec2c570,0.1326941556296721,31
ON-TANG-cc67dca5,0.2714815602499857,31
ON-TANG-087d57e7,0.058765730948004656,66
ON-TANG-e6f1b38a,0.31175181977806876,66
ON-TANG-64dc3f79,0.7222345414343755,66
ON-TANG-6441f57a,0.8829147585055894,191
ON-TANG-14fb927f,0.2179725700551682,66
ON-TANG-9bd4add2,0.4041822982636268,66
ON-TANG-ed697bd3,0.17951366476293223,66
ON-TANG-9787898a,0.024387525248031394,191
ON-TANG-d0cad553,0.00960629384153088,66
ON-TANG-73595ab7,0.12394852885766637,191
ON-TANG-3507c860,0.16357165707887403,191
ON-TANG-a0a53401,0.019542562948982253,191
ON-TANG-b6f6d1be,0.13915198978602195,191
ON-TANG-f39e5c64,0.061959382557441614,121
ON-TANG-6d1adb4a,0.10806484332245334,121
ON-TANG-15c94655,0.43750446092670725,191
ON-TANG-cfe319c6,0.10102002759113153,121
ON-TANG-5a295466,0.03674202502181403,191
ON-TANG-2c67350c,1.0449333074619713,121
ON-TANG-c7a11802,0.041665649095062963,191
ON-TANG-ea1aff1d,0.8261479228593381,31
ON-TANG-11d82af3,3.8182291651467857,31
ON-TANG-314e29e4,0.19653298883365808,31
ON-TANG-fc21ad1c,2.1172686972540244,31
ON-TANG-c277ad81,4.429634015050631,31
ON-TANG-91d05a1f,0.27858863462969674,31
ON-TANG-da567ee9,0.9225981116266865,31
ON-TANG-70138815,1.500078125253065,31
ON-TANG-72fa2437,2.957772652029704,31
ON-TANG-7d76ec90,2.222797181326286,31
ON-TANG-b82aefed,2.275027811986677,66
ON-TANG-28d44016,0.8474249646674079,66
ON-TANG-fc3badb1,0.14742855493167542,121
ON-TANG-452fe137,0.770554381859701,121
ON-TANG-1d5aeb20,0.4451187370366473,66
ON-TANG-f9e25b13,0.5195853430164457,66
ON-TANG-7f7ca8e9,0.30758476298867776,121
ON-TANG-a5826a3c,0.014213414489179137,121
ON-TANG-1bf4c7cc,0.1066483280096976,66
ON-TANG-321b7b18,0.020619035792846026,121
ON-TANG-d54851de,0.026811836362712727,194
ON-TANG-ba24b6c3,0.02878430695895542,194
ON-TANG-ec93ba2d,0.030153795894396866,194
ON-TANG-2b5dd369,0.07457339130257964,98
ON-TANG-28e01875,0.1459030085458224,98
ON-TANG-e3fd1dfa,0.6155508337215437,99
ON-TANG-42564222,0.1844738087460888,99
ON-TANG-13fd4793,0.023029297975487053,99
ON-TANG-a485d711,0.1256239622336311,99
ON-TANG-8c76f1be,0.24046870558949232,8
ON-TANG-a3adfda5,0.3562534798134103,8
ON-TANG-453da99f,0.9774564135540184,8
ON-TANG-d33f4fe2,0.9650339525320686,8
SK-TANG-8814da30,0.5946687021662389,195
ON-TANG-15051d70,3.8319652170424665,24
ON-TANG-d3d24d0b,0.20331173072334827,24
ON-TANG-3b43a9ec,2.5419522932089773,24
ON-TANG-58336e0b,0.7578070377961688,24
ON-TANG-cfbb3fb4,0.07558368363825195,49
ON-TANG-29bcba51,0.17539232206617486,49
ON-TANG-91de0cfe,0.09760101293651974,49
ON-TANG-51e0c4bc,0.04702366055615478,49
ON-TANG-e83fd9b1,0.13250020682735497,49
ON-TANG-60787877,0.04102210369810862,49
ON-TANG-41c8cf97,0.1894109213561292,194
ON-TANG-61e207ab,0.7183361554551917,194
ON-TANG-c34962f2,1.5035429926754664,196
ON-TANG-4549d642,0.14807323169209116,196
ON-TANG-fd32ae87,0.07221697096235982,196
ON-TANG-23092232,0.11984932864405609,197
ON-TANG-a3ec93dc,0.29397005757927713,71
ON-TANG-cd9ecb28,15.387030538051569,71
ON-TANG-a4c2fabb,7.108722841305369,71
ON-TANG-ba9675cb,0.0434165434977847,71
ON-TANG-5da49d38,0.07067889774347609,49
ON-TANG-1f0b8ad2,0.03705633958058087,49
ON-TANG-1d400193,0.11127385772984445,49
ON-TANG-604f0a7e,0.512583562244552,132
ON-TANG-02048c2f,0.39618718046082674,132
ON-TANG-959161bb,1.8835110715736503,132
ON-TANG-c29577bb,0.11531335296355692,132
ON-TANG-a47ad038,0.5311081102922833,132
ON-TANG-8eef44ec,1.0297244427815277,198
ON-TANG-0b8fd9e9,3.526682048547454,199
SK-TANG-99b703b8,4.292885542631985,195
SK-TANG-affa7960,5.98647267350113,195
SK-TANG-15a2a425,0.19565931770320677,195
SK-TANG-1dd81c5d,0.13959818116686434,195
SK-TANG-3be910cf,4.090723651038304,195
SK-TANG-55212be4,42.25513392764078,195
SK-TANG-74ad570a,2.9702566941407103,195
SK-TANG-ae5d8ea2,0.25519736098988594,195
SK-TANG-a2bbb8e2,4.751525550747852,195
SK-TANG-10cd0a57,0.7257780730056032,195
ON-TANG-98d86be3,0.17593283299870283,71
ON-TANG-f173d383,0.3415239688703736,97
ON-TANG-2f4aa2e6,0.11493742985075545,97
ON-TANG-b851f442,0.19024312657391784,71
ON-TANG-532c6398,0.16436031641655607,71
ON-TANG-e1c26fc9,8.025219082315314,62
ON-TANG-1c7a55bd,2.130981982067706,131
ON-TANG-74e3ff99,1.1720313723042635,131
ON-TANG-a53c2df8,0.253535135809066,131
ON-TANG-8f39c91c,0.73869637611591,131
SK-TANG-b4789620,44.34335262414836,195
SK-TANG-50178f4b,0.40605879931000033,195
SK-TANG-779af6ed,3.3796698912648195,195
SK-TANG-b9157f5c,1.8701695481712117,195
SK-TANG-c35e2388,11.149155381172775,195
SK-TANG-7933788f,1.0330423856782696,200
SK-TANG-c6355e78,17.78219132402839,200
MB-TANG-88699fd3,0.02081656489014165,83
MB-TANG-0f442e06,0.4631550868060757,83
SK-TANG-ca36201a,3.9791272798368924,123
AB-TANG-e75cec1c,0.2792680773401813,201
AB-TANG-ed6a7129,0.17076916247414037,201
BC-TANG-4e1634dd,0.1642699934534884,35
BC-TANG-f6e5c1b2,1.47046962291355,35
BC-TANG-7cee6ecd,0.07536218173092898,202
BC-TANG-9c2c1be1,0.2119996619395477,35
BC-TANG-0f41ba65,0.08428813929315931,35
SK-TANG-5418d64f,6.637701831643657,124
SK-TANG-6edbd4aa,6.139012317463474,203
SK-TANG-3bc73664,8.55254784226734,204
SK-TANG-6615a8b1,0.1497835150707626,205
SK-TANG-db43ffa2,0.40068620637230506,205
SK-TANG-263a1b5a,4.331465491576951,205
SK-TANG-eeb65163,0.8322241201569102,206
BC-TANG-2c944529,0.14057450335117022,202
BC-TANG-faaa4e37,0.1672957020713862,202
BC-TANG-fc627edc,0.27358359860854387,202
BC-TANG-8353b025,0.2254102264962972,202
BC-TANG-905ff33b,6.20684833500436,61
BC-TANG-3642d2ac,0.8305408216426412,61
BC-TANG-e2acdf2e,2.014737023605099,61
BC-TANG-0d66aab7,1.4758902768589377,107
BC-TANG-d6a85b88,1.6379444685006805,61
BC-TANG-854b949b,2.4352302620541737,107
BC-TANG-014f2cda,2.774692874406865,107
BC-TANG-13567a77,0.1918386896019749,133
BC-TANG-a6ec4743,0.10858607891629268,133
BC-TANG-72efa111,0.034618513279569746,133
BC-TANG-418f6b26,0.0510056089911067,133
BC-TANG-98fb1fa1,1.9752306837834823,105
BC-TANG-42811c8b,0.8146257460161797,207
BC-TANG-641df88a,0.6494712879279934,207
BC-TANG-70391e5f,0.041864885761213874,92
BC-TANG-fb787d80,1.4694778416604914,92
AB-TANG-1c0b3d7b,0.08223254545151983,201
AB-TANG-dead0255,0.1367491842872004,201
BC-TANG-cdf5668e,7.69204941942708,208
BC-TANG-6b757f16,1.7594954043726634,208
BC-TANG-d7c32f28,2.42221744161358,208
AB-TANG-c1f732d7,1.2748022504373158,208
BC-TANG-ea5c9c7c,0.12759655886784163,139
BC-TANG-d6449ec7,2.3084425739613117,139
BC-TANG-dc5d7015,1.477030950372521,139
BC-TANG-bba5cf40,0.12285745596065036,139
BC-TANG-d58e1939,0.13461383889328954,209
BC-TANG-60fc72ec,0.24485446600554614,209
BC-TANG-3e903c53,0.029933573642490698,209
BC-TANG-61d949d2,0.36581642121938807,57
BC-TANG-ac04845f,3.588189197564917,118
BC-TANG-3e2fd2f0,0.050920439122171465,57
BC-TANG-c09668f0,3.1392420956819196,118
BC-TANG-2cc09be2,0.06719394735996226,210
BC-TANG-de727b7b,0.4259293160782322,210
BC-TANG-cecef6e0,0.26625058232533716,211
BC-TANG-a2d799ba,3.3467936007920254,139
BC-TANG-eb01cf45,2.1301417021331917,139
BC-TANG-f6cefa35,1.9858795495504522,135
BC-TANG-a9c1aa0d,0.473277114712018,139
BC-TANG-bdab5629,0.36006861903611603,139
BC-TANG-e5295c1e,0.6295893270862034,135
BC-TANG-aeaa776c,0.7355359637652162,135
BC-TANG-a51ca809,30.261578479875084,135
BC-TANG-f96730b0,1.5313679063261165,135
BC-TANG-6ae4ae73,0.3707618846200549,135
BC-TANG-98afda14,0.5701768165087755,135
BC-TANG-d1f4d736,0.053283716675710115,135
BC-TANG-472d32ed,0.10518184937866239,135
BC-TANG-63789aa5,12.66074083134092,135
BC-TANG-18e5dced,2.54478224867303,135
BC-TANG-288c4c98,0.27578731073771656,135
BC-TANG-be1aad65,0.46291352058440377,135
BC-TANG-2c6afb2a,0.7521634300607555,135
BC-TANG-439a5c0b,2.285167560494187,135
BC-TANG-f009bce8,20.598370997672006,135
ON-TANG-eb138573,13.005344414389466,31
ON-TANG-d8e468d3,0.040411366466346396,31
ON-TANG-25372715,0.1048344198291356,31
ON-TANG-979f2d23,1.1178310602221588,31
ON-TANG-1b108fc9,0.02812007232606369,31
ON-TANG-be741d64,2.8199356231592554,31
ON-TANG-8feb7f60,0.3638562650876799,31
ON-TANG-fe60dbf6,0.08748117006372999,31
ON-TANG-7d958843,1.2010346634401985,31
ON-TANG-80b4a4eb,3.8173051017680746,31
ON-TANG-2ba57d0a,0.09780058886060536,121
ON-TANG-c7f3e9ca,0.031440688063282096,121
ON-TANG-d772c4d5,0.1522555993630484,121
ON-TANG-8a976c48,0.07350459131178622,121
ON-TANG-9d9ebb7e,0.014257838780889728,121
ON-TANG-d8adad34,0.049806100909174034,121
ON-TANG-35c45e98,0.11716130456016415,121
ON-TANG-d0757b04,0.10546071740415468,121
ON-TANG-7b40848b,0.019827807848981985,121
ON-TANG-0561d511,0.005000260461714517,121
ON-TANG-82db2e6c,0.006446963513549852,121
ON-TANG-6b9fbebb,0.06383201002768127,121
ON-TANG-aa7927fe,0.020207475336014743,121
ON-TANG-eb633666,0.11208832689152465,121
ON-TANG-a93a1367,0.08518561850089805,121
ON-TANG-2df6b9e8,0.02438388401320539,121
ON-TANG-8ae4c21d,0.06439429678264198,121
ON-TANG-015069d3,0.05781842923412629,121
ON-TANG-e9e43fe6,0.04039284392063347,121
ON-TANG-b41a310a,0.16957029397400739,121
ON-TANG-65f3cd63,0.20465193460154857,31
ON-TANG-8957b360,0.024079083534522504,31
ON-TANG-3dfd70e0,0.16586725249024556,31
ON-TANG-20352334,0.08268567939425095,31
ON-TANG-950c7e02,0.02659541543186583,31
ON-TANG-afb90d08,0.06925412994699458,31
ON-TANG-a109774c,0.029105123254293336,31
ON-TANG-6e997fb4,0.08441877403027348,121
ON-TANG-83d514db,0.026160186748837293,121
QC-TANG-cd0e7565,0.11305739040687786,212
QC-TANG-6105c870,0.5091631375187158,212
QC-TANG-53402567,0.894849724777972,212
QC-TANG-4f98bba6,0.022766810560224855,212
QC-TANG-b9724b78,0.1672502420424561,212
QC-TANG-41f9d3d1,0.030447817197266434,212
QC-TANG-9f84f066,0.15184226775320633,212
QC-TANG-80a6d5e7,0.7018680544312843,213
QC-TANG-ab76a8db,0.12769704825719982,77
QC-TANG-698afd19,0.238587652675791,77
QC-TANG-f6ca05c1,0.21101049995264384,77
QC-TANG-60c17716,0.6494655363197703,77
QC-TANG-4014ebd0,0.06772721470643901,77
QC-TANG-8db8fa13,0.7841674697073523,77
QC-TANG-f65c0b12,2.3940007656894133,77
QC-TANG-1b6ca135,1.3129274727409899,77
QC-TANG-cfa430f4,1.2486166506208587,77
QC-TANG-cb43e26f,0.12438883274249463,77
QC-TANG-faaead22,3.7220367208244767,58
QC-TANG-ccd31c84,0.2644120580824877,58
QC-TANG-7ebbb194,0.14214550044495777,58
QC-TANG-f7b49648,0.005152549238941787,58
QC-TANG-0635ae57,0.0659170444490878,58
QC-TANG-ba70ba98,0.18195457911995858,58
QC-TANG-3b0eab16,0.1875968213975368,58
QC-TANG-a9474844,6.504231059236115,114
QC-TANG-bf2ddc70,2.6665375165657816,114
ON-TANG-a40a6f4e,4.065280755990263,3
QC-TANG-f19109ef,0.19362359565619675,214
ON-TANG-49ffd805,2.855497967321965,3
ON-TANG-29ad494f,2.7196406246513845,3
ON-TANG-c2f9b0db,8.514967792003805,3
ON-TANG-c56e232d,2.656111486933951,3
ON-TANG-35f8714d,0.7000768904231083,3
ON-TANG-f422ebef,1.221700007828563,3
BC-TANG-d0802b83,0.12433610517113323,211
BC-TANG-476a7077,0.11792494654316414,211
BC-TANG-26a9dca5,0.5416563378611077,211
BC-TANG-76cc4bf9,0.10746603800539463,211
BC-TANG-6d7b1120,1.539508626189405,211
BC-TANG-2ffb445f,0.229409409236743,211
BC-TANG-e41bd7e5,0.1459840502202132,211
BC-TANG-80b29e43,1.5611671171468957,215
BC-TANG-5a26dfcc,2.4755545466718156,215
BC-TANG-68256c54,1.9834226728580195,91
BC-TANG-3494dbc9,3.0967352978631077,91
BC-TANG-a19711bc,0.09357647425465263,91
BC-TANG-2e04a3fe,22.831139930343742,91
BC-TANG-9eec8d58,4.794975294155095,91
BC-TANG-bf2144e0,2.1727573330205314,91
BC-TANG-d6a7652a,1.6394824215833672,91
BC-TANG-188e4401,19.660102232939554,91
BC-TANG-2fb6102a,3.236624442267219,112
BC-TANG-f10a2143,0.31621459282800385,70
BC-TANG-9b77bc98,0.18260713366320058,70
BC-TANG-fbd6dc9d,0.04442547787741099,216
BC-TANG-6313cf8b,1.080056308106342,70
BC-TANG-ad6376d3,0.00861914097728227,216
BC-TANG-c7c3b7c2,0.17919578648984258,216
BC-TANG-17fb86b1,0.04059966703576216,216
BC-TANG-6ca94bdb,1.5641715251762123,70
BC-TANG-4fe52309,0.0918473312736838,216
BC-TANG-0e3d2575,0.8413645634573098,70
BC-TANG-cbd1fd63,1.0588394642691201,70
BC-TANG-93c7cf2f,0.40894243975769656,70
BC-TANG-0e68dd69,0.13299795748154936,70
BC-TANG-906b6834,0.07594276082023829,70
BC-TANG-b065b72d,0.10582922700344538,70
BC-TANG-bebb8a4f,0.03697148004050113,70
BC-TANG-7a00ab8c,0.24975613002637487,70
BC-TANG-241ac9bd,0.2716881632326934,70
BC-TANG-d567792b,0.4041469979403009,70
BC-TANG-9801a1f5,0.8806210390264161,70
BC-TANG-dd77c5df,0.09802806070049397,217
BC-TANG-1f08e78c,0.07983694458530267,218
BC-TANG-d511ce16,32.96072530000533,135
BC-TANG-5e161c76,2.4857978054249257,135
BC-TANG-5675fa89,1.5056714879539475,135
BC-TANG-d1b767d3,5.268520395798305,135
BC-TANG-14db446d,0.06770740824815753,219
AB-TANG-3dca3635,2.3316019523603386,220
AB-TANG-dda5f209,0.15006719054835113,220
AB-TANG-71a6e966,0.3697907954806046,220
AB-TANG-4eaead72,0.25285240915353,220
AB-TANG-b9e68d0a,27.167706408379736,220
BC-TANG-a76a129e,0.08366969023480905,218
BC-TANG-04b87449,0.3712537286412441,218
BC-TANG-8c38607a,0.025649290573392335,218
BC-TANG-3ef4af03,0.012978105771953196,221
BC-TANG-d1e3c578,0.005016627346356847,221
BC-TANG-d20f11a8,0.0022763870486392727,221
BC-TANG-45dd4a06,0.005801082573747602,221
BC-TANG-3d84cef0,0.533030167334877,222
BC-TANG-e208755d,1.362582082746426,117
BC-TANG-2593bd75,0.3700861926673081,117
BC-TANG-d9ea88b9,0.1622143453980033,117
BC-TANG-0cb1b2de,0.2255698897827989,117
BC-TANG-1af6d8d6,0.1260984449589161,89
BC-TANG-77f09965,0.2332404494144651,89
BC-TANG-5338256a,0.553272703753138,63
BC-TANG-b4915d15,1.5783179180234475,89
BC-TANG-eb796aee,0.43040928005867346,63
BC-TANG-c9d820a2,11.550820060087258,89
BC-TANG-8bfff2f7,3.2934335904576284,63
BC-TANG-2e3f17cc,4.573165692752176,63
AB-TANG-2f14d133,0.12366212673625716,223
AB-TANG-352a7dee,4.74008514527919,224
AB-TANG-431da8da,2.84138267527136,224
AB-TANG-3dade107,0.11473689204010608,224
AB-TANG-147076df,0.0544756994973651,224
AB-TANG-a742348b,0.3352893837384378,224
AB-TANG-a4f71672,22.56142805175598,225
AB-TANG-26d712cf,8.673104920444251,225
AB-TANG-56ebf431,9.988230129100021,225
AB-TANG-1b139b2c,1.468137856747763,225
BC-TANG-a484b4e7,7.812592184312816,89
BC-TANG-eb464716,0.16970396102955432,63
BC-TANG-0fdb3cdf,0.03193769469232211,63
BC-TANG-132c734f,0.05218131433174205,63
BC-TANG-a2f2762c,0.025544846426884885,63
BC-TANG-42b4f1d2,0.23214134385205512,63
BC-TANG-18ae69cf,0.0920512916427767,63
BC-TANG-b9ddaccb,0.03858074039736725,63
BC-TANG-69978bfc,0.9778169922802833,63
BC-TANG-86e27107,0.7467921685909172,226
AB-TANG-3f43d609,5.8271335386661605,227
BC-TANG-6f599daf,0.24954248518351613,228
BC-TANG-2e96224e,0.07913518268630802,228
BC-TANG-a250aeec,0.0268398370569602,228
BC-TANG-b9acea1e,0.7110089475157123,228
AB-TANG-f0ec892f,1.3697759531890168,227
BC-TANG-e5f73261,0.19412296563407383,228
BC-TANG-2ec76f14,0.30689786375879613,228
AB-TANG-e6a0e24e,0.6640736235125992,227
BC-TANG-bef553cd,0.3071586696757594,228
ON-TANG-f25b0a24,0.7657377185968952,131
ON-TANG-2b958ecf,0.25906695132017815,131
ON-TANG-c49dff10,0.1287692864774252,131
ON-TANG-ecda9d64,0.10256180822497722,131
ON-TANG-03706c35,0.1317170134790697,131
ON-TANG-28131340,0.3455260601279652,44
ON-TANG-106b5619,0.4036703998054646,44
ON-TANG-22aec92a,0.02229308685268671,44
ON-TANG-3ed1f6d7,0.16059772520721013,44
ON-TANG-94208649,0.052280152973265215,44
MB-TANG-cc629cc0,0.5741284410527303,83
SK-TANG-5d31c57f,8.732293487990122,229
SK-TANG-01584f4c,0.04378971122629018,123
SK-TANG-e15d369c,0.1413951015324997,123
SK-TANG-6eb30ba8,0.049658489918837805,123
SK-TANG-c8d1012d,0.25187098877308,123
SK-TANG-49ea0d79,2.9180083775572023,123
SK-TANG-950676b3,0.3482037198658142,123
SK-TANG-bc87c729,0.4415295478772483,123
SK-TANG-ec2afe76,0.35459034411875795,123
SK-TANG-1484b64b,0.6760546231579851,123
SK-TANG-3de7bc44,0.05494170835749325,123
SK-TANG-47f7b748,0.25802083936014547,123
SK-TANG-b72ba0cc,0.05691247918659157,122
SK-TANG-64f7023a,0.04694998008745396,123
SK-TANG-19c11e63,0.7452418083593145,122
SK-TANG-9e8a5d5f,0.04028896017860707,122
SK-TANG-c2d6a24a,1.5414534776596351,122
SK-TANG-106f62e6,0.2392808622197659,122
SK-TANG-d6584ed1,0.06466615133545134,122
ON-TANG-695a6d2b,0.022427310179670243,44
ON-TANG-511e5d83,0.04230966632675942,44
ON-TANG-5274804b,0.09470408897159888,44
ON-TANG-6d3e556f,0.07972351077366047,44
ON-TANG-7343e59d,0.03903627910811416,44
ON-TANG-0def49c8,0.05069655188699455,44
ON-TANG-522a6c29,0.013044480954237414,44
ON-TANG-8b5faccd,0.21393763017446396,44
ON-TANG-02a2d47e,0.21653817744384427,44
ON-TANG-d3fa60a3,0.0649009785566534,44
ON-TANG-ead5c2d2,0.869680101589501,44
ON-TANG-dbe4fbd2,0.0286940965344557,44
ON-TANG-61011326,0.7484535718418838,44
ON-TANG-4d5df50f,0.6355001916922628,44
ON-TANG-0bd942be,0.3621515627858154,108
ON-TANG-7f444ec0,2.708970168766291,44
ON-TANG-6d4ac2ca,0.4132915949283918,44
ON-TANG-6efd13fa,0.07797647715371396,44
ON-TANG-a5d4135f,0.15931845628316363,44
ON-TANG-3c2e949b,0.3947414343200353,44
SK-TANG-5fcf1a8f,7.031343356177442,122
SK-TANG-4a4406c2,6.780167079863976,122
MB-TANG-cd579256,0.315601050023148,230
MB-TANG-e319aa49,0.02145715133040289,230
MB-TANG-0e1c7990,0.037799635784517505,230
MB-TANG-ed849d03,0.0019671707166097866,230
MB-TANG-e94922ff,1.8268527500053515,230
SK-TANG-1a1eb50c,0.1127277750590228,231
SK-TANG-4fb24a2a,0.03081419935208102,231
SK-TANG-be36bd47,10.539411930303903,231
ON-TANG-4d2dc96d,1.2888587344337987,106
ON-TANG-50cd9d7b,0.15410187996609115,33
ON-TANG-61483155,0.4405578012734574,33
ON-TANG-f6fce8de,0.21228844782645995,33
ON-TANG-ed23c2d8,1.6534846916198949,33
ON-TANG-b9dd8798,0.019606134186774756,73
ON-TANG-6bec55ec,0.07832441804584847,73
ON-TANG-eb96589f,0.01662592387993149,73
ON-TANG-c53ca1f1,0.05689995256640849,73
ON-TANG-71eb8943,0.08876318020534586,73
ON-TANG-491d2812,0.03704142876176022,73
ON-TANG-e693d971,1.9947285580065357,73
ON-TANG-798436aa,0.021194973351258018,73
ON-TANG-bccc811c,0.008886130419819161,73
ON-TANG-3401f217,0.046895348038192536,73
ON-TANG-f79fcead,0.031166676320297494,73
ON-TANG-97bd19ab,0.23838264035582332,73
ON-TANG-add2fd4e,0.02286556325131241,73
ON-TANG-fdbe09a1,0.3784316872221404,73
ON-TANG-fbc53245,0.7784331296523602,73
ON-TANG-0c564186,0.10424753056142168,73
ON-TANG-3717524a,0.0027753122630444623,73
ON-TANG-eb4524b5,0.006197867208846906,73
ON-TANG-b0543ab9,0.0407575725273066,73
ON-TANG-ffabfa8a,0.008744147205545817,73
ON-TANG-fe2366b3,0.010363624281968402,73
ON-TANG-c0736764,0.5156961299607885,232
SK-TANG-a6c7976b,0.23128390140799823,231
SK-TANG-b2942a7d,1.3118052450352196,231
SK-TANG-79e821f7,0.3443065930045694,231
SK-TANG-a8aa3053,0.07228067223875448,129
SK-TANG-dd7e6ae5,0.17493698837157357,129
SK-TANG-7e9438f7,0.50758992518662,129
SK-TANG-d89faf78,0.47101737014296696,129
SK-TANG-736aa368,0.309856836307152,129
SK-TANG-b6c62645,0.6485719337592227,48
SK-TANG-1cde8c35,0.060189480946558925,48
BC-TANG-324de63c,0.018150891587432123,233
BC-TANG-e189fc65,0.09281989243661609,233
BC-TANG-ec73aa19,0.4065360781262529,233
AB-TANG-8111ab48,35.76363329118783,227
BC-TANG-ea8dce28,0.3581340984354193,233
BC-TANG-28d6851c,0.07288838325896449,233
AB-TANG-e1c60c89,4.59855718531614,227
AB-TANG-43febcb7,2.2890272203613193,227
BC-TANG-edb8a967,0.28927683052736464,233
BC-TANG-29ac94ed,0.19727791374263892,233
AB-TANG-c1dea456,6.207306999700734,225
AB-TANG-a911b2a2,3.466584039063238,225
AB-TANG-4d2690b8,4.563327396093044,225
AB-TANG-0d23a8a8,1.1833634286787766,234
AB-TANG-dd65a30e,3.6866718026356375,225
AB-TANG-cdfbbd82,0.02398005632656314,234
AB-TANG-0a4f5d01,0.04269345361647138,234
AB-TANG-55384cd1,0.11730512263402733,234
AB-TANG-ed130db2,0.33638758438520894,234
AB-TANG-736ab522,0.033418800658454095,234
BC-TANG-5523c726,0.2867928168447757,233
BC-TANG-aaffd387,0.02085882051491006,233
AB-TANG-0520622c,0.1173531377529878,235
AB-TANG-b1850b17,0.1855587188369838,235
BC-TANG-6f3fce6e,0.017204089095684535,236
AB-TANG-af81a3bd,0.44444916080630203,235
AB-TANG-12a6dac8,1.742639275428615,235
AB-TANG-078f7bfa,0.3005707596919405,235
AB-TANG-088001c4,0.6796251154696309,235
AB-TANG-0ce645c1,0.1915738370784806,235
AB-TANG-13ae75a3,0.12270729762441747,234
AB-TANG-1e251d17,1.6461766485104044,234
AB-TANG-f508e2af,0.511538825489334,234
AB-TANG-4c0b575f,0.3045152708075824,234
AB-TANG-b56e2993,21.265304955060515,234
AB-TANG-52a3cb16,0.19917490359052759,234
AB-TANG-ac872285,2.1008292361937397,234
AB-TANG-29a7acca,0.7537293782472716,234
AB-TANG-31450086,0.19073239062099479,234
AB-TANG-f59085da,0.9916077601538599,234
AB-TANG-c965fa4d,0.5790920481820021,234
AB-TANG-63642f54,0.7150194142255042,234
AB-TANG-27ca064a,10.501993462725038,234
AB-TANG-401d0942,5.082615416969884,234
AB-TANG-3c6568aa,2.3257791226708484,234
AB-TANG-e02c7c0c,38.43275732468603,234
AB-TANG-57fcdc4f,2.3156970428216823,234
AB-TANG-ae43b8ee,0.4675790858069057,234
AB-TANG-72635b7e,0.5420822628899423,234
AB-TANG-631c20a8,0.6833108056835369,234
AB-TANG-aaf18d4f,0.029671246847951326,235
AB-TANG-70bdea2c,0.09999287888770227,235
AB-TANG-4ab44071,0.023302741574913508,235
AB-TANG-dff7ebf2,0.11910280208628171,235
AB-TANG-ecc6593f,0.04739375122814628,235
AB-TANG-479ee00d,0.07709981006723166,235
AB-TANG-a9b95ba3,0.2923601250211793,235
AB-TANG-14fb7d37,0.050252426310915616,235
AB-TANG-be080bda,0.028031929725260016,235
AB-TANG-a7c8fb1a,0.035552310764383435,235
AB-TANG-59cf3cde,25.24655905509437,235
AB-TANG-4eba93e2,0.26335824732954255,235
AB-TANG-99e6c12d,0.10175223461559708,235
BC-TANG-1f88f9be,5.4686251610896015,88
BC-TANG-1e8851fa,2.2138796000164307,88
AB-TANG-494fcda0,0.3208808504956897,237
AB-TANG-06c96536,0.5680438511454051,237
AB-TANG-f7de885d,7.749413708297569,237
AB-TANG-ef58b759,3.106263459236809,237
AB-TANG-42160512,13.731516898424854,237
AB-TANG-deda7e6a,13.741108359806972,237
BC-TANG-d4bf217d,20.294740316649474,140
AB-TANG-d68e7d30,1.3865764738498183,237
BC-TANG-bea260d3,0.2616259199820955,238
BC-TANG-a0b106ab,0.11619944935644533,238
BC-TANG-4b2966d9,0.23128125964465857,238
BC-TANG-36c2b489,6.190879478910517,125
BC-TANG-fae530f7,0.8804078656927675,239
BC-TANG-3b46a339,0.2990923126916421,239
BC-TANG-32ebea25,0.09670439361871208,239
SK-TANG-061dd33f,2.553614631535389,206
SK-TANG-c168c44e,1.8642084839752553,206
SK-TANG-2df02df0,1.4924105580969247,206
SK-TANG-b9fcfe6f,0.10719913263528065,206
SK-TANG-a958bad2,0.2579285327924707,206
SK-TANG-4a3eb104,0.30110946919731907,206
SK-TANG-8e97f760,0.04711595580518489,206
SK-TANG-18935084,0.28087846148519385,206
AB-TANG-da0f3b9e,3.8047148455916733,240
AB-TANG-034347ce,3.5191640101348325,240
BC-TANG-fe6c2dad,0.6215589474665892,239
BC-TANG-dcf1e199,0.045404328159967824,239
BC-TANG-8d5531a3,0.15973666436813155,136
BC-TANG-f4025195,0.5674700971037298,136
BC-TANG-5055055c,1.8481888367841848,137
BC-TANG-7df163dd,3.1647649359020007,116
BC-TANG-d33948b2,6.679367333204125,137
BC-TANG-95b16eee,3.2951033613552343,137
BC-TANG-6dbfd345,4.568735127416468,116
BC-TANG-1ab02a2e,0.22508234775633873,137
MB-TANG-29ee5195,0.020349055767659125,119
SK-TANG-618bede8,0.029794224303312238,119
MB-TANG-1ff1ab3c,0.1209025405853093,119
SK-TANG-ba2c2a31,0.034656114790791066,119
SK-TANG-e17773ef,0.058795178430164366,119
MB-TANG-effa5c37,0.3127457971107935,119
SK-TANG-9f22a5ad,3.4815701214571138,119
SK-TANG-5dc1ca5a,0.7200453768320357,119
SK-TANG-fa8f1b95,0.4538133315766576,119
SK-TANG-a62082c2,0.4894202633214812,119
MB-TANG-0cf30a91,0.04258365565274224,60
MB-TANG-4826c42d,0.07637246789511222,60
MB-TANG-14a469f0,0.015819368700412482,60
MB-TANG-63e2807a,0.014434868439282373,241
MB-TANG-68ed3fdd,0.43157789023621135,241
MB-TANG-2ba21158,0.0865681626084076,241
MB-TANG-76c4bcd3,0.11150035311079858,119
MB-TANG-fda86f52,0.10174412308997935,60
MB-TANG-30b0186a,0.1710954387296243,60
MB-TANG-e6b81f23,0.05228884512625035,60
MB-TANG-cf15fe1a,0.22487286462681927,60
MB-TANG-f12e51d6,0.06978636047466105,60
MB-TANG-217c5f36,0.3300033338055482,60
MB-TANG-f1dc9945,0.018411129338342658,60
MB-TANG-04fdc469,0.11752278632723757,60
MB-TANG-54a10712,0.016462485529317214,60
SK-TANG-4df841b2,0.8720399386197113,242
MB-TANG-332caad9,0.06600611338625226,60
MB-TANG-19b72429,0.049340368015794035,60
SK-TANG-be136f4f,0.3520104190102896,242
MB-TANG-ea46edbe,0.21164531283149562,60
MB-TANG-f63d1653,0.14870128660485887,241
SK-TANG-4fe9bdeb,0.07127089275881995,242
MB-TANG-358eb5e0,0.7434761035415511,241
MB-TANG-e1360f4e,0.07792902958727307,60
MB-TANG-1c9ebf03,0.5083337771674973,60
MB-TANG-a5745f6c,0.43435935420899874,60
MB-TANG-e9ccee67,0.035490124267220896,60
MB-TANG-42262b51,0.08974478492964846,241
MB-TANG-4cc2af89,0.19662109976696146,241
MB-TANG-723519b4,1.3545769365050486,60
MB-TANG-d657d39f,0.03322012171357378,243
MB-TANG-18e9b171,0.5033676560480114,243
MB-TANG-c73c5cdc,0.6610067257494076,243
MB-TANG-624c9a52,0.07429129204164223,94
SK-TANG-5fb2a8c4,0.04163092168124687,81
MB-TANG-b046e923,0.28482999566735934,94
SK-TANG-e1ad1044,0.09079320012289163,81
SK-TANG-021decf1,0.33370194519596763,81
SK-TANG-1ff64214,0.018062216689528413,81
SK-TANG-5647cbc2,0.34103260954771525,81
SK-TANG-ef5d588c,0.2514119987581233,81
SK-TANG-8cc80537,0.022578124553208973,81
MB-TANG-976e1810,0.38613308274673713,94
MB-TANG-42cdca72,0.044213563066111544,94
MB-TANG-c4ac1ca8,0.04498805430576215,94
MB-TANG-429e762a,0.24536199364642325,94
MB-TANG-f0014964,17.338866013381647,94
SK-TANG-6ceca8bf,0.028299799687000495,81
MB-TANG-0c4c94d5,2.14033342073937,94
MB-TANG-9787f051,2.912391736934508,94
MB-TANG-190630c8,0.1284934760276057,94
MB-TANG-fd714363,0.18104261857567389,94
MB-TANG-0695ac66,0.18349219010934914,94
MB-TANG-187078fb,0.856427059190551,94
SK-TANG-5f5bf53d,0.6509065815316909,244
MB-TANG-f064dccf,7.84910587931968,245
MB-TANG-72cf7f6b,3.9567043540254168,246
MB-TANG-34dfbac1,0.04970333305747695,38
MB-TANG-9a5f5e46,0.24349456542866837,38
MB-TANG-dca44993,0.9395809724227068,38
MB-TANG-8ebde779,0.016481850166817708,38
MB-TANG-11ae812f,0.06420433947071467,38
MB-TANG-3da64ef9,0.39628834979210753,38
MB-TANG-1742e549,0.0585278725335845,38
MB-TANG-62ac2ecd,0.08051106441707054,38
MB-TANG-9c40cbe6,0.05638047504737975,38
MB-TANG-720e99cf,0.027945550001504355,38
MB-TANG-9b2475af,0.015237081995337881,38
MB-TANG-b00b6984,0.09369489879234205,38
MB-TANG-faf1ed4f,0.21851091151351915,38
MB-TANG-0ce9c82a,0.07721716750311669,38
MB-TANG-1ec17953,0.8927024366957192,38
MB-TANG-e7f8d44f,0.059387756552308484,38
MB-TANG-5831252e,2.311377560514978,38
MB-TANG-0de2af77,0.34708838878734943,38
MB-TANG-017638a4,0.048848948553933326,38
MB-TANG-3adbcf48,0.04792497888009219,38
MB-TANG-6382d927,0.17649985967564313,38
MB-TANG-bcb483fe,0.0735246376610712,38
MB-TANG-78a8f37e,0.14839530547337212,38
MB-TANG-8e408247,0.1109353096453251,247
MB-TANG-f0329150,0.020455583722523565,38
MB-TANG-1726ffdc,0.05183963012772843,247
MB-TANG-f9f29ce6,0.2665115902573043,38
MB-TANG-01c97cef,0.05823169570436802,38
MB-TANG-f40e0711,0.8468416843911575,247
SK-TANG-87fca460,0.09409482585386982,30
SK-TANG-30676653,0.13160139336952167,30
SK-TANG-5c958fda,0.09108311568365236,30
BC-TANG-805677f2,4.88522712719218,137
BC-TANG-d0309628,0.11611338165770321,137
BC-TANG-2a4c8126,2.3366703520044356,137
BC-TANG-326f7b6a,1.1148889414883536,137
BC-TANG-f36c168f,0.052401215357633535,137
BC-TANG-f7fec7fb,0.10928853722150053,137
BC-TANG-ac16d475,0.15161929290430912,137
BC-TANG-dfe7dc6c,0.26620576223832043,137
BC-TANG-ea264b47,16.706834635799073,137
BC-TANG-b68321a6,1.8694959069642487,137
BC-TANG-7ef0ec50,0.43356361388742165,137
BC-TANG-26ff719c,7.08452693303837,137
BC-TANG-42a4c7e7,5.937461777849296,115
BC-TANG-da428b06,17.068681069912873,37
BC-TANG-b92ed1e5,1.3783275279432647,115
BC-TANG-5968cc26,0.03426915767218307,248
BC-TANG-2c2ab26c,0.028706779778342875,248
BC-TANG-d05370bf,0.01992743693224409,248
BC-TANG-43661a5f,0.02875674858450754,248
BC-TANG-ce0ad088,0.04096086575432007,248
AB-TANG-368fd3ea,2.45889411220805,234
AB-TANG-f467f13b,1.9404353720958976,234
AB-TANG-b37fc338,0.624537664118227,234
AB-TANG-beb34da1,0.3020993589052888,234
AB-TANG-7c8dcd10,7.247913544315306,234
AB-TANG-a4c938cd,0.5882715986686529,234
AB-TANG-2e0aae89,0.25148336547901834,234
AB-TANG-34da7179,0.20510601017820618,234
AB-TANG-ea061f65,0.44412690080375344,234
AB-TANG-e88c9230,43.79936110482468,127
BC-TANG-cc123dbd,0.02562573635314257,248
BC-TANG-38ab84d5,0.03753275070366541,248
BC-TANG-1b1d9130,0.016481683497549162,248
BC-TANG-f68b8a4d,0.03406529205940727,248
BC-TANG-bebe3a72,0.07347305638372986,248
BC-TANG-61dfc631,6.16662537898498,248
BC-TANG-3458346f,1.3960888787731471,13
BC-TANG-dcddc2c3,0.015802226236805623,248
BC-TANG-9fd73a88,0.023358516798410806,248
BC-TANG-35c94e55,0.042676699274819645,248
BC-TANG-b08eebbe,7.9873961780753655,249
BC-TANG-d62db940,0.12512874354015308,84
BC-TANG-60816b7f,0.1048425637509759,84
BC-TANG-8da77720,0.05851353396369309,36
BC-TANG-4f225a8d,5.717945895682561,36
BC-TANG-f1ce1300,7.10653659734513,36
BC-TANG-c7c0dae1,2.7962755849257754,74
BC-TANG-3a482dac,1.1505221820595075,74
BC-TANG-92b6be77,6.000878551092452,74
AB-TANG-c23264a2,64.54766125929565,127
AB-TANG-e42188de,66.97562532518899,127
AB-TANG-7922e0ad,11.581448685897803,127
AB-TANG-50987da1,35.03935791585607,127
SK-TANG-d765e256,2.8011152115701745,29
SK-TANG-c3ed459e,2.9450283081180704,29
SK-TANG-475a4b58,1.8976574306863334,29
SK-TANG-7040f11b,0.8189789245893034,29
SK-TANG-d85462b2,5.920718141503425,29
SK-TANG-c151a5d1,0.7176054432116182,29
AB-TANG-489d9ab6,4.2319500296282815,127
AB-TANG-2e45e67f,5.525204835919136,127
AB-TANG-72e5065c,18.28600019871522,127
AB-TANG-58018325,8.250614394783115,127
AB-TANG-e2bc75df,12.204185084460324,127
AB-TANG-9117d01a,11.25608817657982,127
AB-TANG-fb61cad0,6.667855484541521,127
AB-TANG-854bec5c,40.47159411625813,127
AB-TANG-20b0da85,42.13804453560484,127
AB-TANG-b3c2299a,32.552628436721896,127
SK-TANG-157b5eda,0.030683056389844254,29
SK-TANG-bd85ab79,0.3252146765719037,29
SK-TANG-72056205,0.6856841974756022,29
SK-TANG-6fb950b4,0.19502408187471373,29
SK-TANG-261d8d08,0.3250128319488852,29
SK-TANG-52fb4150,1.1028365049327002,29
AB-TANG-322a7d9f,61.65260501893191,127
AB-TANG-6c508d9f,83.06181983862625,250
SK-TANG-91733786,0.2517540039251957,251
SK-TANG-b1a6f94d,0.03287843148579486,251
SK-TANG-471cda80,1.5940250425556444,30
SK-TANG-d4ee74a1,0.06308807800281692,30
SK-TANG-39a4e1ae,0.07067064031922503,28
SK-TANG-72062e52,0.13100661290964793,28
SK-TANG-69a01fb9,0.09159602687019207,28
SK-TANG-4f730269,0.02871411499536536,252
SK-TANG-cdf41144,1.3073168391523717,28
SK-TANG-eb3a7f32,0.061140458684480516,40
SK-TANG-7dfcc99b,1.0741186929612396,40
SK-TANG-86bfa3c0,0.41256801521352576,40
BC-TANG-67ce4bb7,0.024267982868548792,253
BC-TANG-adf94869,1.31556361384246,254
NB-TANG-3b2745b8,0.2025206534972868,156
NB-TANG-44915a79,0.11315193345682613,156
NB-TANG-89ebc261,2.1450616740842006,156
NB-TANG-1866c1b2,3.5270878438580193,130
NB-TANG-fe00fb40,0.2787484515436363,130
NB-TANG-ab5f4fcc,0.2686224642162902,130
NB-TANG-2abe7055,0.07224038386924359,130
NB-TANG-0f27b137,0.11262357761646634,141
NB-TANG-085abefc,0.9631716320454845,141
NB-TANG-0a348777,0.20310197935747065,141
NS-TANG-488d1571,0.19436236852992994,154
NS-TANG-6c864658,0.16896992557797424,154
NS-TANG-95372a83,0.21231532181622928,154
NS-TANG-ba440dc9,0.257507422000566,154
NS-TANG-f6c0373b,0.3112394818310428,154
NS-TANG-5c8aab78,1.1244242200011318,154
NL-TANG-ca9d5216,0.9065553641486992,255
NL-TANG-93b04046,0.14569139709296464,95
NL-TANG-94483d39,0.1763831677896886,95
NL-TANG-003710c3,0.2120941183181788,95
NL-TANG-e5bb53bd,0.13464814379523207,95
NL-TANG-c56845d2,0.848735897913735,95
NL-TANG-f5848433,0.06914522910627365,95
NB-TANG-52f65ef0,0.9487211410195133,141
NB-TANG-716846ac,0.4540177375908706,141
NB-TANG-a8836da4,5.113361825296087,141
NB-TANG-8259c7ed,0.44025640179934344,141
NB-TANG-e5c7abf8,1.1023606132458506,141
NB-TANG-239f28dd,0.21255717094595394,32
NB-TANG-632ecd74,0.5535611281399923,32
NB-TANG-acb1993a,0.13801535796945424,141
NB-TANG-aab5cc55,0.19119289754519678,141
NB-TANG-3e3898a1,0.2223888780741427,141
NB-TANG-48360949,0.3282969032941666,141
NB-TANG-0b02b25c,0.2816406727451783,32
NB-TANG-2f35dbd4,0.04457674873821428,128
NB-TANG-540a9211,0.03688942520732968,128
NB-TANG-3a381e4c,0.9612116469649479,128
NB-TANG-35d424cb,0.049517819414143856,141
NB-TANG-e432c2fc,0.2688623939454003,141
QC-TANG-d3da9b04,1.0329478890865444,142
QC-TANG-40043683,2.620779740179501,142
QC-TANG-955814f2,0.4201997961793408,142
NL-TANG-7ef1ed69,0.3876075091860886,255
NL-TANG-fe1736bd,1.3602870632377757,255
NL-TANG-03ebf995,0.22397710835193566,134
NL-TANG-afec755c,0.13463567095750187,134
NL-TANG-fd83e679,1.0627030007092666,134
NL-TANG-c5125af2,0.8762302964883678,25
NL-TANG-3894ccaf,0.10951036877074814,25
NL-TANG-1677e48c,0.07361916404339035,25
NL-TANG-a306e0b0,0.03906583971528929,25
NL-TANG-a5695ab6,0.05418429137260484,25
QC-TANG-c312422f,1.827627513307569,142
QC-TANG-9087673e,0.6666465337635817,142
QC-TANG-89faebce,6.2550639336636245,142
QC-TANG-b64f5524,0.05039290843562637,142
QC-TANG-122ae665,0.061669219480485954,142
QC-TANG-43beefcf,0.16118503789489522,142
QC-TANG-4c1ac32e,0.09085172771369403,142
QC-TANG-0f6f66fe,2.112556147887925,120
QC-TANG-85490034,0.4263814981893099,120
QC-TANG-638ec711,0.32330960914823526,120
NL-TANG-61259790,0.08601326522898421,256
NL-TANG-7e978a46,0.07188108823903748,256
NL-TANG-132c9af1,0.011453621948408387,256
NL-TANG-0c14cf47,0.11282639720597423,256
NL-TANG-5526f5f4,0.07262430381534542,46
NL-TANG-6c51d955,0.8018821628443867,46
NL-TANG-ceeb3aaf,0.0465525763501254,46
NL-TANG-9f630ac6,1.3604307244616765,45
NL-TANG-7a186ab2,0.027396428408142392,46
NL-TANG-02543734,0.016681315797676947,46
NL-TANG-99cffd8f,0.0262376806317363,45
NL-TANG-9c3e1c0c,0.0750451316070021,45
NL-TANG-e5e9caf5,0.012386999915881651,46
NL-TANG-0bddb43b,0.04901583260870928,45
NL-TANG-510cf7a2,0.2106925525820613,45
NL-TANG-0893ef47,4.144118614414445,45
NL-TANG-68406da4,0.24937897949607263,257
NL-TANG-013b0faf,0.18315185295668152,257
NL-TANG-b692b52c,0.40106330166323884,257
NL-TANG-3f597dfc,0.0645428819674679,257
QC-TANG-2103626c,0.6017381920111495,120
QC-TANG-ac2d1756,0.09385556414965596,120
QC-TANG-270dc019,0.06750384071835736,120
QC-TANG-2d881c2d,0.03981472498259743,120
QC-TANG-2358df5c,2.3310987137656998,80
QC-TANG-fb831479,8.601791313768171,258
QC-TANG-c2d7a923,1.3013209954632108,258
QC-TANG-6a228688,0.44131916730653237,19
QC-TANG-a20607b3,0.19068576532365764,19
QC-TANG-91b86f2f,2.4126455598093273,19
QC-TANG-b2b8a4c0,0.20632625417597417,19
QC-TANG-9fc1c099,0.4633863349745909,19
QC-TANG-c1776dfb,0.3650075962203231,20
QC-TANG-a3329692,0.01442000252174369,20
QC-TANG-5372de3b,0.008516792935680986,20
QC-TANG-25192d44,0.011610174361682884,20
QC-TANG-7e00bea4,24.972920132110275,20
QC-TANG-31706b38,0.45467970490988296,20
QC-TANG-fedc34b5,0.041843789740900306,20
QC-TANG-a3346d42,0.06462406590732953,20
QC-TANG-29dec624,0.032913222438000704,20
QC-TANG-8629cfb7,18.59865757369029,20
QC-TANG-88ff554d,3.259087864843778,20
QC-TANG-490fa173,3.7297025520979505,20
QC-TANG-b3aabdaa,2.044809955840562,20
NL-TANG-ec799193,0.28540024161315647,20
QC-TANG-f4fd192e,5.151360189753947,20
QC-TANG-e5c428a1,0.12471342747585755,20
NL-TANG-e8ab3d2c,0.01424927780052419,20
NL-TANG-613ae0de,0.07615607658119568,20
NL-TANG-b9ea1fd4,0.11552045363410329,20
NL-TANG-95ecf8fe,1.1561707241803283,20
NL-TANG-c9fe77b9,16.787785119903347,20
NL-TANG-6b3c97a7,10.49563015229158,20
NL-TANG-b76fdfa9,0.07655841384602145,20
NL-TANG-d47999fe,0.04535898205394924,20
NL-TANG-372c7593,0.44019227659812915,20
NL-TANG-32e9d2e1,0.4037124857117476,20
NL-TANG-638b9cfb,2.032209901768099,20
NL-TANG-5732370c,0.17619875021726988,20
NL-TANG-2968d00d,0.12215586303331828,257
NL-TANG-510edee1,0.051259392898044154,257
NL-TANG-abe37845,0.03907084924232055,257
NL-TANG-6e67933a,0.0842488753766533,257
NL-TANG-2ea1c787,0.035340218323144275,257
NL-TANG-a8f449aa,0.07861412390216946,257
NL-TANG-e0db574b,0.10104728207494874,96
NL-TANG-18d6b86a,2.391674882298332,96
NL-TANG-adfef0fb,0.06922943124405037,96
NL-TANG-eea7116f,1.7179548125007107,96
NL-TANG-f732dfff,0.03380587080560114,20
NL-TANG-fe2f15fe,23.862434295160316,20
NL-TANG-03057b57,69.69934670358242,20
NL-TANG-5bc09db1,0.26351128948553365,20
NL-TANG-2957c186,4.318139831564844,90
NL-TANG-639e381a,0.07138401520824006,90
NL-TANG-e5b19dfd,1.8937813499476406,90
NL-TANG-9344526a,1.006297359447447,90
NL-TANG-07e68d81,0.4772851528885403,90
NL-TANG-ac24db62,0.024831481503544892,90
NL-TANG-ee7ad81a,0.5436202057539298,90
QC-TANG-a23df330,8.619942288870892,90
QC-TANG-35134c38,0.4198562228788945,90
QC-TANG-271100bd,0.014343234868411507,90
QC-TANG-3b6276b3,3.8897278961147297,90
QC-TANG-c81e3799,0.07340745850164888,90
QC-TANG-a9b6c035,0.02917738251045595,90
QC-TANG-34187ec9,0.04522791793458297,90
QC-TANG-af1f6981,0.016851187571013726,90
QC-TANG-ae95cc4a,0.061593152587313446,90
QC-TANG-57bdd6dd,0.03845101148650568,90
QC-TANG-bbc71400,0.026577091334220194,90
QC-TANG-c62e8eb0,0.13207704138382953,90
QC-TANG-bd349f4c,2.318801474127072,90
NL-TANG-d3d24b9a,2.9355335149557944,90
NL-TANG-af35d54a,4.730653209289021,90
NL-TANG-789f7aa8,0.19715350961317102,90
NL-TANG-06a75dda,0.6217359241927652,96
NL-TANG-3d910651,0.014639344560166669,96
NL-TANG-3aa47dab,0.10525727528389801,96
NL-TANG-09f18aa0,0.06530878489583362,96
NL-TANG-509302a4,0.2776149553983879,96
NL-TANG-a4177750,0.22204215256707768,96
NL-TANG-d7c73619,0.26772642613803055,96
QC-TANG-1be80397,1.1325395957206346,259
QC-TANG-f46aac66,2.272690120231016,259
QC-TANG-f96813d0,1.9608313021041597,260
QC-TANG-0e3760ba,0.819593631647889,260
QC-TANG-367040a5,0.6417060780175223,260
QC-TANG-7e54a790,0.03622461855156179,260
QC-TANG-ed96a969,0.2227943499901297,260
QC-TANG-87cba326,0.24521342389687495,260
QC-TANG-9f5b625a,0.1995947645266467,260
QC-TANG-84091923,0.837115751891394,260
QC-TANG-954916dc,0.0948555008597079,260
QC-TANG-461fbc14,0.17977620460426746,260
QC-TANG-ef5c3dce,0.344955953264598,260
QC-TANG-7ca0bfd7,0.4638000901101654,260
QC-TANG-7e2df72a,0.07730030603916818,260
QC-TANG-fd78dded,0.016970077573003152,260
QC-TANG-e6d0e18d,0.11807663195558317,260
QC-TANG-4b1a6a22,0.08408165649885047,93
QC-TANG-7ca6229a,3.908765898570705,93
QC-TANG-20506215,5.613744891962453,93
QC-TANG-cedf034a,0.0906780418878774,77
QC-TANG-60de3571,0.31325426957751784,77
QC-TANG-7b25bed1,0.14860170435684963,77
QC-TANG-e06fddf1,0.11826072026961007,77
QC-TANG-018ba311,0.3247534834479277,261
QC-TANG-3fa622c8,0.8676724583638602,261
QC-TANG-ca7abe3d,1.02143273582749,261
QC-TANG-b7edfcda,0.11184105344975463,93
QC-TANG-6dc1622d,0.04841223067240531,93
QC-TANG-d3e17358,0.10184937195450787,93
QC-TANG-075d06e2,0.3053124358951585,262
QC-TANG-4151dec5,0.6923775638315506,263
QC-TANG-db428fa9,0.19970407616651029,69
QC-TANG-aa6cd0a0,0.5474973010247756,69
QC-TANG-3c6c6332,0.1481657772963187,69
QC-TANG-0012379a,0.06941685484520146,69
QC-TANG-14aa4b72,0.06895866509318517,69
QC-TANG-f7f80fb6,0.08364628322101188,69
QC-TANG-043b442b,0.17377711203509869,69
QC-TANG-76a77560,0.12406802718887193,69
QC-TANG-a1e5430c,0.05203575652992792,69
QC-TANG-fe1356e5,0.11385065930822358,69
QC-TANG-62ce8a0d,0.014307749770307732,69
QC-TANG-b08a9b95,0.14059848195320332,69
QC-TANG-d139b8b3,1.5665579539444605,264
QC-TANG-de5a6bf9,0.10325718373505659,75
QC-TANG-f7122c05,0.4370834463581238,75
QC-TANG-2d156711,0.2163429720848905,75
QC-TANG-255578d9,0.011405739980127465,75
QC-TANG-1351f9cd,0.006213061746727936,75
QC-TANG-04c91823,0.0233738255075185,75
QC-TANG-f8a90192,0.006021380304703318,75
QC-TANG-152bc21c,0.0811298092644893,75
QC-TANG-86e9d2b5,0.060119179924654875,75
QC-TANG-82308891,0.1505970676165534,75
QC-TANG-76613dc6,0.2622713649117141,75
QC-TANG-9ad7489b,0.08767689390529462,75
QC-TANG-5244b503,0.10986679969746205,86
QC-TANG-b9fe48af,0.05767756967271277,86
QC-TANG-2eea161e,0.04460505989868116,86
QC-TANG-132257e2,0.012401621342432553,86
QC-TANG-8657a4cd,0.01464773600309052,86
QC-TANG-8780e63b,0.00517135733225151,86
QC-TANG-cb535b4b,0.036353156705412656,86
QC-TANG-08fc8a46,0.47436029073505015,56
QC-TANG-004d3d20,1.3366283829206165,56
QC-TANG-9533b1e0,0.47438469091278695,56
QC-TANG-8542d766,0.81498673891464,56
QC-TANG-3692094b,0.1846981491324765,56
QC-TANG-cab2533a,1.476064884453416,56
QC-TANG-1440b84c,3.1776881566829913,265
AB-TANG-a515bbba,3.9492188973892772,127
AB-TANG-df80351d,22.781316656751997,127
AB-TANG-e27b6c08,203.3535321073705,127
AB-TANG-8fbd8469,122.99016601748141,127
AB-TANG-c1d75ed2,65.21044215598805,127
NT-TANG-e4a59450,1.171237793947049,78
NT-TANG-eba00225,0.15040730710690117,78
NT-TANG-4eedd352,0.16965650123772888,78
NT-TANG-bd9ca87a,0.20463269603073472,78
NT-TANG-76685c6f,0.20749361251032075,78
BC-TANG-f9b43c6c,17.708758855288025,254
BC-TANG-d40befeb,0.8514416102651443,266
BC-TANG-4dbf976a,2.182504742451035,266
BC-TANG-c80a508d,0.20787967576763158,266
BC-TANG-dcb8c84c,0.010477815259554539,266
BC-TANG-5444fe99,0.2006953865327943,266
BC-TANG-07c3aa3f,2.317576770276235,266
YT-TANG-ffe2a87a,0.23648440417522923,267
YT-TANG-386442d5,0.4694606355436679,138
YT-TANG-b9d71ec1,0.11010428037926485,138
NT-TANG-2b2b4d2e,0.11396878985640596,78
NT-TANG-6a30e04c,0.2653384097765519,78
NT-TANG-6d3bd749,0.08175397003078237,78
NT-TANG-a58da23b,0.19867336530343024,78
NT-TANG-bee079d1,0.1450738051182488,78
NT-TANG-763056ca,0.2645176595171067,78
NT-TANG-3a7acc38,0.05062753214395464,78
NT-TANG-8a7dddfd,0.4244864254345959,78
NT-TANG-ae86a53c,0.5644156834977405,78
NT-TANG-3b7d8cb7,0.14456353266760602,78
NT-TANG-89190d1f,0.8139063600549895,78
NT-TANG-a824b065,0.06528549737257827,78
NT-TANG-5a58ed02,0.08479493671053617,78
NT-TANG-998a09be,0.14142449075834645,78
NT-TANG-3bb46245,0.5459370438936493,78
NT-TANG-9f5dfd61,0.17327568088748924,78
NT-TANG-10312584,0.1740276765383752,78
NT-TANG-c508a7b6,0.20949428316921473,78
NT-TANG-82b654fb,0.2495717971400005,78
NT-TANG-78bb2098,0.09830078546716904,78
NT-TANG-6e8e59be,0.18670053237558992,78
NT-TANG-3625cd55,0.7365899885828302,78
NT-TANG-fd4568fe,0.35954881529075977,78
NT-TANG-6fd7fe15,5.957251497995028,78
NT-TANG-2ae8beb4,0.22189598201025165,78
NT-TANG-bbba0b05,0.5936015344400889,78
NT-TANG-31cdef8e,0.6620594846055271,78
NT-TANG-0b75994b,0.4044841144028866,78
NT-TANG-926ec449,0.11511995072144895,78
NT-TANG-4cc409c7,0.32687430705105275,78
SK-TANG-bb6712a9,3.332593163608621,251
SK-TANG-6a69603d,0.1567806333326723,251
SK-TANG-0f103195,0.07500109732755096,251
SK-TANG-d3a8b167,0.4044063330089869,251
SK-TANG-fec87496,0.0582136581306739,251
SK-TANG-afd7cc42,0.042318146656849,251
SK-TANG-9e7bfd47,0.125353398090921,251
SK-TANG-e4a10ae4,0.5407430279851068,251
SK-TANG-bd25222c,1.754379359362763,251
NT-TANG-99fedc1f,0.12696274509226843,39
YT-TANG-c82391ff,0.1535382702782746,138
YT-TANG-b642968e,0.3129937193943519,138
YT-TANG-b3e6fd72,0.1534384307275412,138
YT-TANG-5f3aeca8,0.1250011025427114,138
YT-TANG-6a7ae749,0.05354142658453532,138
YT-TANG-b24fa484,1.5735841971246802,268
YT-TANG-7dc5d8ff,0.5880053854196766,268
NT-TANG-2803d31e,0.7719979267729169,76
NT-TANG-289df530,1.0649242923839275,269
NT-TANG-59d5b832,0.23303920857079535,78
NT-TANG-d05612b8,1.491797049036156,78
NT-TANG-2f2563d7,0.09604755755865677,126
NT-TANG-e846c996,0.08099602496985144,126
NT-TANG-a632c3e9,1.421833310189449,126
NT-TANG-62931209,0.06310123832905959,126
NT-TANG-5069fad6,0.059096240339172754,126
NT-TANG-643a5d9b,0.03146298818910433,126
NT-TANG-58eb92ba,0.013093045582219114,126
NT-TANG-99518cf7,0.12768423628966585,126
NT-TANG-5f149929,0.48294340256817386,126
NT-TANG-4fac7395,0.6056588113800879,126
NT-TANG-d1d8b5c1,0.035395041430527005,126
NT-TANG-1e904f08,0.574186944285712,126
NT-TANG-25e6d577,0.8300576623543909,126
NT-TANG-3f96ac99,0.07515662821623545,126
NT-TANG-5af4a771,0.012087001430442255,126
NT-TANG-bda61118,0.0678901307096552,126
NT-TANG-544395ab,0.004963494071899632,126
NT-TANG-06936da8,0.09185154583855126,126
YT-TANG-4aa3559c,1.2369401623176193,270
YT-TANG-350094e8,4.334690091659591,270
YT-TANG-761f9053,4.880138449465579,270
YT-TANG-f79155d6,5.27253085599043,270
YT-TANG-36df9591,3.41867616080696,68
SK-TANG-bf63627c,0.0826112993282942,40
SK-TANG-b8cd9288,0.027641995859441406,40
SK-TANG-0e16f310,0.44679267187301264,40
SK-TANG-b1917ed9,0.13713945611919745,40
SK-TANG-a4bb7b15,0.7166977702799805,40
SK-TANG-b8ee476e,0.890133585403823,40
SK-TANG-cc991d0e,0.042368986377719686,40
SK-TANG-1c3f56a3,0.1492426824535028,40
SK-TANG-820af842,0.0773615733771621,40
SK-TANG-d84ccbd4,0.040056918716881385,40
SK-TANG-bce2f373,0.18717284709327997,40
SK-TANG-df1eb2e5,0.3940552521250132,40
SK-TANG-62dec09b,0.6570536064036591,40
SK-TANG-f32c10d0,0.9824385187377788,40
SK-TANG-2ab2e0af,0.0024821688741734622,40
SK-TANG-12a0df6c,0.005636161035227378,40
SK-TANG-95b60004,0.07796878321027893,40
SK-TANG-c26674d7,0.001421758193795588,40
SK-TANG-2e67ff4d,0.0028190268704082365,40
SK-TANG-fc90f594,0.004969343419141451,40
SK-TANG-a555765a,0.05724690269597879,40
SK-TANG-c03b3b8f,0.8417176392866696,40
SK-TANG-9c704287,0.030171725584535524,40
SK-TANG-3c8560e3,0.20092931145861123,40
SK-TANG-59a2bca4,0.023538031931178396,40
SK-TANG-d3307194,0.10081673017171545,40
SK-TANG-86ba0094,0.12797233064754066,40
SK-TANG-4ca6b732,0.09845681004615653,40
SK-TANG-abc895d4,0.025059203587826116,40
SK-TANG-98be5615,0.22217158396395245,40
ON-TANG-b766dfb4,1.7200948286539914,199
ON-TANG-dc46e16a,1.6351496879111924,199
ON-TANG-58918c0f,0.03625851206130716,101
ON-TANG-b5e798b0,0.07203061892481914,101
ON-TANG-35f5e8f7,1.852774712742443,101
ON-TANG-38f68a84,2.7565288476626515,101
ON-TANG-b4045945,1.2050053307414006,101
ON-TANG-ee844e11,1.0042177673627486,101
NU-TANG-f653d158,0.030624495724594036,271
NU-TANG-26e400a8,0.1279702459169565,271
SK-TANG-6799b801,0.08457503702452514,40
SK-TANG-568e35ac,0.008146693207070411,40
SK-TANG-90a244a9,0.012441484028964429,40
SK-TANG-a74deeb4,0.09123107845537626,40
SK-TANG-5b7b107d,1.3517927407675556,40
SK-TANG-155bebe5,0.47359817667842163,40
NU-TANG-d5e59cff,0.39560317688876223,104
NU-TANG-9deabab0,0.6933079710792492,104
NU-TANG-7f219702,0.028287667990214024,6
NU-TANG-993eee72,0.06499856194041051,6
NU-TANG-a69eea6f,0.018072655373039096,6
NU-TANG-9778e31f,0.08133827610610106,6
NU-TANG-6bee1e60,7.644288851632554,6
NU-TANG-550559ab,0.0698272763995778,6
NU-TANG-9b381842,0.016016955360050315,6
NU-TANG-b77cad6c,2.7510032742313903,6
NU-TANG-1589d028,3.7895865100427724,272
NU-TANG-b82d3e8a,0.4865732773804278,271
NU-TANG-854de746,0.12823872149976073,271
NU-TANG-9950ce92,1.0625194288204427,271
NU-TANG-d0092ead,0.022036180168348903,271
NU-TANG-d93bd290,0.07379851661553985,271
NU-TANG-7276159a,0.16839922654178915,271
NU-TANG-db0a543c,0.19803180296598902,271
NU-TANG-389b02f3,0.052461018522283825,271
NU-TANG-1102e3d2,0.12075167897125351,271
NU-TANG-257d698e,0.08263564364835278,271
NU-TANG-d0fac2ce,0.029797434106440774,271
NU-TANG-c9d19861,0.06268330348522992,271
NU-TANG-05b8b7f2,0.017167130651652675,271
NU-TANG-c4d77ac4,0.01759623256327043,271
NU-TANG-5fe1618e,0.0013748225854960327,271
NU-TANG-72332c02,0.008812216057887394,271
NU-TANG-8af8dac8,0.1033401472432337,271
YT-TANG-d6de615c,0.11293134242657259,273
YT-TANG-114e4cf0,0.2541620137124687,273
YT-TANG-1d263d9c,0.08320970400535152,273
YT-TANG-bbfe6e84,0.8057126040399275,273
YT-TANG-db773a26,36.59072654122994,273
YT-TANG-eb616972,0.0035051598146720315,273
YT-TANG-6be47ceb,0.007707783096686734,273
YT-TANG-86105c07,0.007049498007462941,273
YT-TANG-5fa7c4e9,0.016988651342044508,273
YT-TANG-4eacfea1,0.03970544080964384,273
YT-TANG-d4a81fd5,0.12368529551837601,273
YT-TANG-e195b8f2,24.90439212490789,273
YT-TANG-a2e85a40,14.622858529044084,273
YT-TANG-2862e3c5,1.2805659963761955,59
YT-TANG-66718dff,0.5248889582676236,59
YT-TANG-49ae2ca7,0.0062245124779090775,273
YT-TANG-fa204668,0.011285304643000276,273
YT-TANG-d6b94e8b,0.025041385209484637,273
YT-TANG-9b3c885a,0.03437600635530894,273
YT-TANG-87078b39,0.0287857839916503,273
YT-TANG-e1a8c968,0.100180694535096,273
YT-TANG-ba668164,0.04738514636735792,273
YT-TANG-e032f7c3,0.013259981404447858,273
YT-TANG-d062094d,0.09236440423847282,273
YT-TANG-b76d7015,0.06161012359823162,59
YT-TANG-2a11472a,0.1675886006038341,59
YT-TANG-44ab7717,0.0241578498530477,59
YT-TANG-4ed3b24c,0.059056055277480354,273
YT-TANG-9ca29250,0.30014936889432625,59
YT-TANG-dfe58dea,0.8651687096549526,59
YT-TANG-f70edc74,0.027243427351111103,59
YT-TANG-3d55f393,0.3298322951496186,59
YT-TANG-1c69fef2,0.2751946255376373,59
YT-TANG-cb2d2fa3,0.35518155078532904,59
YT-TANG-f84acf3e,0.26931166830697223,273
YT-TANG-b41b49c3,0.06735329067890233,59
YT-TANG-1becddeb,0.5824683984691722,59
YT-TANG-4cbfd592,1.2638122709297817,273
YT-TANG-557517d1,1.7536759347935724,59
YT-TANG-f7de7c20,0.6166368951234428,273
YT-TANG-3f60fa80,0.07753804852717434,273
YT-TANG-a94fcaa6,0.3761843163612908,59
YT-TANG-699d7d3a,0.027816787002417583,273
YT-TANG-20460b3e,0.03688662805962497,274
YT-TANG-7e56578f,0.06359981325959531,273
YT-TANG-b8b80bca,0.006814529141779473,274
YT-TANG-ee0420ec,0.009317417757807424,274
YT-TANG-09427c5d,0.38490394105109405,273
YT-TANG-9fd13c9a,0.29733899745037506,59
YT-TANG-ed9ed09f,0.3057196067059442,59
YT-TANG-0efa710b,0.04635354968802919,273
YT-TANG-3ec72b52,3.7974220165111667,273
YT-TANG-a25ca41d,0.4480652815191883,59
YT-TANG-e4b8c381,0.10123724496787534,275
YT-TANG-c0c5e6bd,0.14440124616183725,273
YT-TANG-13d6587b,0.04182165444103245,273
YT-TANG-e8fd62a5,0.06857727955106696,273
YT-TANG-4591bb0b,1.5346501626948166,275
YT-TANG-feb999a7,0.4070987316737567,275
YT-TANG-ed2606e4,0.20347574637949706,273
YT-TANG-c1fc1631,1.8890004740148507,273
YT-TANG-5124e9fa,1.335174558188591,273
YT-TANG-49e266dc,0.4366463641524334,273
YT-TANG-f68c5b9f,0.1665919317471922,273
YT-TANG-23604c32,0.5018280408365287,273
YT-TANG-f2cd0240,1.053521531020493,275
YT-TANG-230ff702,1.493087507780208,273
YT-TANG-61ec80ce,0.4217384019870448,273
YT-TANG-91a5fde5,0.28479622838011454,273
YT-TANG-3b0d6a44,3.218147995064403,273
YT-TANG-524ef8a6,0.061505835279729325,273
YT-TANG-0958f116,9.513107391054314,275
YT-TANG-f1370f13,0.019867886690304464,273
YT-TANG-4fbffd14,3.2469259833605446,273
YT-TANG-4f626e12,0.5392461317496441,275
YT-TANG-4e3e540d,12.626023621738467,273
YT-TANG-09381089,2.480167196513475,276
YT-TANG-0cb495bc,1.629115050613915,276
YT-TANG-04acde2d,0.0584537128089962,276
YT-TANG-fe8ed026,0.09716983909409774,276
YT-TANG-32f19871,0.35218070597754636,276
YT-TANG-320bdd18,0.05617937610810556,275
NT-TANG-5cca4acf,1.9347348732659766,102
NT-TANG-bd847e8b,1.1714159451481485,277
NT-TANG-dde4cbb9,8.0920445039309,79
NT-TANG-ddb7c372,1.9009470647254145,79
NT-TANG-41d228dd,3.8877923553812685,26
NT-TANG-aa7a34fd,0.5487313521954207,26
NT-TANG-6a68a0d3,0.5875419122182393,26
NT-TANG-628bf3b2,7.656861307623032,26
NT-TANG-30452e4c,4.117950207155736,26
NT-TANG-29f95e1c,0.027940426722390027,26
NT-TANG-cf16b876,0.11802756221120646,126
NT-TANG-5d6c0f98,0.09766476790777685,126
NT-TANG-2d8be170,0.7346600953167032,126
NT-TANG-302b3238,0.09814349253268412,126
NT-TANG-abbb5a10,0.5714527104254508,126
NU-TANG-71f2a55f,0.4614558107002431,278
NU-TANG-d4313e1c,0.6326217750732718,278
YT-TANG-903c6813,2.454300614421552,279
YT-TANG-904fd9aa,0.8954462778419736,279
NU-TANG-284668c1,0.3743734241804074,280
NU-TANG-95db60e4,0.02945078406032243,280
NU-TANG-aa38617d,0.5410243312713072,280
NU-TANG-246dd456,1.0531726393963885,280
NU-TANG-9d1f8987,0.07989411116714028,280
NU-TANG-3cf62c16,1.5194878165964514,280
NU-TANG-daf82de0,0.1213491053846096,281
