﻿"Cube Title","Product Id","CANSIM Id",URL,"Cube Notes","Archive Status",Frequency,"Start Reference Period","End Reference Period","Total number of dimensions"
"Production and shipments of non-metallic minerals, monthly","16100020",,"https://www150.statcan.gc.ca/t1/tbl1/en/tv.action?pid=1610002001",1;2,"CURRENT - a cube available to the public and that is current","Monthly","2020-01-01","2024-12-01","3",

"Dimension ID","Dimension name","Dimension Notes","Dimension Definitions"
"1","Geography",,""
"2","Products",,""
"3","Variables",,""

"Dimension ID","Member Name","Classification Code","Member ID","Parent Member ID",Terminated,"Member Notes","Member Definitions"
"1","Atlantic region","[1]","2","1","",,
"1","Quebec","[24]","7","1","",,
"1","Ontario","[35]","8","1","",,
"1","Prairies region","[4]","9","1","",,
"1","British Columbia","[59]","13","1","",,
"1","Yukon","[60]","14","1","",,
"1","Northwest Territories","[61]","15","1","",,
"1","Nunavut","[62]","16","1","",,
"1","Newfoundland and Labrador","[10]","3","2","",,
"1","Prince Edward Island","[11]","4","2","",,
"1","Nova Scotia","[12]","5","2","",,
"1","New Brunswick","[13]","6","2","",,
"1","Manitoba","[46]","10","9","",,
"1","Saskatchewan","[47]","11","9","",,
"1","Alberta","[48]","12","9","",,
"1","Canada","[11124]","1","","",,
"2","Lime, quicklime (tonnes)","","9","7","",,
"2","Lime, hydrated lime (tonnes)","","11","7","",,
"2","Lime, quicklime (dollars)","","10","8","",,
"2","Lime, hydrated lime (dollars)","","12","8","",,
"2","Salt, fine vaccum (tonnes)","","19","17","",,
"2","Salt, in brine (tonnes)","","21","17","",,
"2","Salt, rock (tonnes)","","23","17","",,
"2","Salt, fine vaccum (dollars)","","20","18","",,
"2","Salt, in brine (dollars)","","22","18","",,
"2","Salt, rock (dollars)","","24","18","",,
"2","Diamonds (carats)","","1","","",,
"2","Diamonds (dollars)","","2","","",,
"2","Clay products (tonnes)","","3","","",,
"2","Clay products (dollars)","","4","","",,
"2","Gypsum (tonnes)","","5","","",,
"2","Gypsum (dollars)","","6","","",,
"2","Lime, total (tonnes)","","7","","",,
"2","Lime, total (dollars)","","8","","",,
"2","Potash, potassium oxide (K2O) (tonnes)","","13","","",,
"2","Potash, potassium oxide (K2O) (dollars)","","14","","",,
"2","Potash, muriate of potash (MOP) (tonnes)","","15","","",,
"2","Potash, muriate of potash (MOP) (dollars)","","16","","",,
"2","Salt, total (tonnes)","","17","","",,
"2","Salt, total (dollars)","","18","","",,
"2","Clay (tonnes)","","25","","",,
"2","Clay (dollars)","","26","","",,
"3","Quantity produced","","1","","",,
"3","Quantity shipped","","2","","",,
"3","Value of shipments","","3","","",3,
"3","Closing inventories","","4","","",,

Symbol Legend
Description,Symbol
"not available for a specific reference period","..",
"less than the limit of detection","<LOD",
"value rounded to 0 (zero) where there is a meaningful distinction between true zero and the value that was rounded","0s",
"data quality: excellent","A",
"data quality: very good","B",
"data quality: good","C",
"data quality: acceptable","D",
"use with caution","E",
"too unreliable to be published","F",
"not applicable","...",
"preliminary","p",
"revised","r",
"suppressed to meet the confidentiality requirements of the Statistics Act","x",
"terminated","t",

"Survey Code","Survey Name"
"5247","Monthly Mineral Production Survey"

"Subject Code","Subject Name"
"16","Manufacturing"

"Note ID",Note
1,"Data for Quebec is collected by the Institut de la statistique du Québec (ISQ). Therefore, in some cases data is not available for Quebec, and Quebec’s estimates may not be directly comparable to data published for the rest of Canada. Statistics Canada is working with the ISQ to harmonize the survey content, so that respondents operating in Quebec will eventually answer the same monthly questionnaire being distributed to the rest of the provinces and territories."
2,"The sum may not add up to the total due to rounding."
3,"The value of shipments from Quebec mines is not available. Total value of Canadian shipments only covers activity outside Quebec."

"Correction ID","Correction Date","Correction Note"
