archetype_id,TR_available,reported_company_nrcan,name,main_id,facility_group_id,facility_type,mining_method,mining_method_mdo,mining_submethod,commodities_nrcan,deposit_mdo,ore_type,processing_method,source,source_id,deposit_cmmi
ARCH-d29e0839-1,,Abcourt Mines Inc,Sleeping Giant,QC-MAIN-d29e0839,,mining,Concentrator,Shrinkage stoping;Room-and-pillar;Longhole stoping,"Underground – Room and pillar – Room-and-Pillar, Underground – Stoping – Long-Hole Stoping, Underground – Stoping – Shrinkage Stoping","Gold, silver",VMS,Sulfide,,https://miningdataonline.com/property/1589/Sleeping-Giant-Mine.aspx,https://miningdataonline.com/property/1589/Sleeping-Giant-Mine.aspx ; https://ecat.ga.gov.au/geonetwork/srv/eng/catalog.search#/metadata/145496,
ARCH-4ea8ac9d-1,Yes,Agnico Eagle Mines Limited,LaRonde,NU-MAIN-4ea8ac9d,,mining,"Open-pit, underground, concentrator","Longitudinal and transverse longhole open stoping methods, primary-secondary or pillarless mining sequences, and paste backfill​",,"Gold, zinc, copper, silver, cadmium",Polymetallic massive sulphide and lode gold deposit,,,https://miningdataonline.com/property/46/LaRonde-Mine.aspx,https://miningdataonline.com/property/46/LaRonde-Mine.aspx ; https://ecat.ga.gov.au/geonetwork/srv/eng/catalog.search#/metadata/145496,
ARCH-730aefe3-1,Yes,Agnico Eagle Mines Limited,Macassa,NU-MAIN-730aefe3,,mining,Concentrator,Longhole stoping;Mechanized Cut & Fill;Underhand Cut & Fill;Overhand Cut & Fill,"Underground – Stoping – Cut-and-Fill Stoping, Underground – Stoping – Long-Hole Stoping","Gold, silver","Vein / narrow vein, Breccia pipe / Stockwork",Sulfide,,https://miningdataonline.com/property/453/Macassa-Mine.aspx,https://miningdataonline.com/property/453/Macassa-Mine.aspx ; https://ecat.ga.gov.au/geonetwork/srv/eng/catalog.search#/metadata/145496,
ARCH-aeafbb59-1,Yes,Agnico Eagle Mines Limited,Meliadine,ON-MAIN-aeafbb59,,mining,"Underground, concentrator","Long-hole mining method (both transverse and longitudinal mining); Cemented pastefill in primary stopes, rockfill in secondary stopes",,Gold,"Mesothermal lode gold deposits, primarily iron-formation-hosted",,,https://miningdataonline.com/property/959/Meliadine-Mine.aspx,https://miningdataonline.com/property/959/Meliadine-Mine.aspx ; https://ecat.ga.gov.au/geonetwork/srv/eng/catalog.search#/metadata/145496,
ARCH-8b0264c9-1,,Agnico Eagle Mines Limited,Goldex,NU-MAIN-8b0264c9,,mining,"Underground, concentrator",Truck & Shovel / Loader;Longhole stoping,"Surface – Truck & Shovel, Underground – Stoping – Long-Hole Stoping","Gold, silver","Vein / narrow vein, Skarn, Hydrothermal",Sulfide,,https://miningdataonline.com/property/44/Goldex-Mine.aspx,https://miningdataonline.com/property/44/Goldex-Mine.aspx ; https://ecat.ga.gov.au/geonetwork/srv/eng/catalog.search#/metadata/145496,
ARCH-1f126a43-1,Yes,Agnico Eagle Mines Limited,Canadian Malartic,ON-MAIN-1f126a43,,mining,"Underground, concentrator","Open pit, conventional truck and shovel; remote-controlled shovels, drills, and dozers used in legacy underground mining areas​",Surface – Truck & Shovel,"Gold, silver",Disseminated gold deposit,Sulfide,,https://miningdataonline.com/property/20/Canadian-Malartic-Complex.aspx,https://miningdataonline.com/property/20/Canadian-Malartic-Complex.aspx ; https://ecat.ga.gov.au/geonetwork/srv/eng/catalog.search#/metadata/145496,Metamorphic hydrothermal;Orogenic;Mesozonal orogenic Au
ARCH-e7e6a960-1,Yes,Agnico Eagle Mines Limited,Detour Lake,QC-MAIN-e7e6a960,,mining,"Open-pit, concentrator","Open pit, conventional truck and shovel method",Surface – Truck & Shovel,Gold,Disseminated and structurally controlled lode gold deposit​,Sulfide,,https://miningdataonline.com/property/13/Detour-Lake-Mine.aspx,https://miningdataonline.com/property/13/Detour-Lake-Mine.aspx ; https://ecat.ga.gov.au/geonetwork/srv/eng/catalog.search#/metadata/145496,Metamorphic hydrothermal;Orogenic;Mesozonal orogenic Au
ARCH-GRP-0a2c0d69-1,,Agnico Eagle Mines Limited,Meadowbank complex,,GRP-0a2c0d69,mining,"Open-pit, concentrator",Open pit truck and shovel methods; selective mining within ore zones,,Gold,"Mesothermal lode-gold mineralization (including hybrid, stratiform, and vein-type iron-formation-hosted gold deposits)​",Sulfide,,https://miningdataonline.com/property/47/Meadowbank-Mine.aspx,https://miningdataonline.com/property/47/Meadowbank-Mine.aspx ; https://ecat.ga.gov.au/geonetwork/srv/eng/catalog.search#/metadata/145496,Metamorphic hydrothermal;Orogenic;Mesozonal orogenic Au
ARCH-687b8c8d-1,,Alamos Gold Inc,Young-Davidson,ON-MAIN-687b8c8d,,mining,"Underground, concentrator",Longitudinal stoping;Transverse stoping,Underground – Stoping – Long-Hole Stoping,Gold,"Intrusion related, Syenite hosted",,,https://miningdataonline.com/property/1484/young-davidson-mine.aspx,https://miningdataonline.com/property/1484/young-davidson-mine.aspx ; https://ecat.ga.gov.au/geonetwork/srv/eng/catalog.search#/metadata/145496,
ARCH-7607a50e-1,,Alamos Gold Inc,Island,ON-MAIN-7607a50e,,mining,"Underground, concentrator",Longitudinal open stoping;Longhole open stoping;Transverse open stoping,Underground – Stoping – Long-Hole Stoping,Gold,Vein / narrow vein,Sulfide,,https://miningdataonline.com/property/7/Island-Gold-Mine.aspx,https://miningdataonline.com/property/7/Island-Gold-Mine.aspx ; https://ecat.ga.gov.au/geonetwork/srv/eng/catalog.search#/metadata/145496,
ARCH-084bd95c-1,,ArcelorMittal,Fire Lake,QC-MAIN-084bd95c,,mining,Open-pit,Truck & Shovel / Loader,Surface – Truck & Shovel,Iron,Banded iron formation,Oxide,,https://miningdataonline.com/property/963/Fire-Lake-Mine.aspx,https://miningdataonline.com/property/963/Fire-Lake-Mine.aspx ; https://ecat.ga.gov.au/geonetwork/srv/eng/catalog.search#/metadata/145496,
ARCH-33c09b8b-1,,ArcelorMittal,Mont-Wright,QC-MAIN-33c09b8b,,mining,"Open-pit, concentrator",Truck & Shovel / Loader,Surface – Truck & Shovel,Iron,Banded iron formation,Oxide,,https://miningdataonline.com/property/962/Mont-Wright-Mine.aspx,https://miningdataonline.com/property/962/Mont-Wright-Mine.aspx ; https://ecat.ga.gov.au/geonetwork/srv/eng/catalog.search#/metadata/145496,
ARCH-8825d90d-1,,Argonaut Gold Inc,Magino,ON-MAIN-8825d90d,,mining,"Open-pit, concentrator",Truck & Shovel / Loader,Surface – Truck & Shovel,"Gold, silver","Vein / narrow vein, Orogenic, Breccia pipe / Stockwork",Sulfide,,https://miningdataonline.com/property/1752/Magino-Project.aspx,https://miningdataonline.com/property/1752/Magino-Project.aspx ; https://ecat.ga.gov.au/geonetwork/srv/eng/catalog.search#/metadata/145496,
ARCH-5154702a-1,,Baffinland Iron Mines Corporation,Mary River,NU-MAIN-5154702a,,mining,Open-pit,Truck & Shovel / Loader,Surface – Truck & Shovel,Iron,Banded iron formation,Oxide,,https://miningdataonline.com/property/1752/Magino-Project.aspx,https://miningdataonline.com/property/1752/Magino-Project.aspx ; https://ecat.ga.gov.au/geonetwork/srv/eng/catalog.search#/metadata/145496,
ARCH-6e9be24e-1,Yes,Barrick Gold Corporation,Hemlo (Williams),ON-MAIN-6e9be24e,,mining,"Open-pit, underground, concentrator",Longitudinal stoping;Alimak;Transverse stoping,Underground – Stoping – Long-Hole Stoping,Gold,"Orogenic, Breccia pipe / Stockwork",Sulfide,,https://miningdataonline.com/property/57/Mary-River-Mine.aspx,https://miningdataonline.com/property/57/Mary-River-Mine.aspx ; https://ecat.ga.gov.au/geonetwork/srv/eng/catalog.search#/metadata/145496,Metamorphic hydrothermal;Orogenic;Mesozonal orogenic Au
ARCH-6c1d6ee6-1,,Burgundy Diamond Mines,Ekati,NT-MAIN-6c1d6ee6,,mining,"Underground, plant",Truck & Shovel / Loader;Sub-level Retreat,"Surface – Truck & Shovel, Underground – Caving – Sublevel Caving",Diamonds,Kimberlite,,,"https://miningdataonline.com/property/49/Hemlo-Williams,-David-Bell-Mine.aspx","https://miningdataonline.com/property/49/Hemlo-Williams,-David-Bell-Mine.aspx ; https://ecat.ga.gov.au/geonetwork/srv/eng/catalog.search#/metadata/145496",
ARCH-91cf5448-1,,Cameco Corporation,Cigar Lake,SK-MAIN-91cf5448,,mining,Underground,"Jet Boring System (JBS), frozen ore",,Uranium,Unconformity-related,,,https://miningdataonline.com/property/17/Ekati-Mine.aspx,https://miningdataonline.com/property/17/Ekati-Mine.aspx ; https://ecat.ga.gov.au/geonetwork/srv/eng/catalog.search#/metadata/145496,
ARCH-GRP-21eee27d-1,,Cameco Corporation,Key Lake + McArthur River,,GRP-21eee27d,mining,"Underground, concentrator",Underground blasthole & raisebore,,Uranium,Unconformity-related,,,https://miningdataonline.com/property/26/Cigar-Lake-Mine.aspx,https://miningdataonline.com/property/26/Cigar-Lake-Mine.aspx ; https://ecat.ga.gov.au/geonetwork/srv/eng/catalog.search#/metadata/145496,
ARCH-5ce331b8-1,,Canadian Royalties Inc,Nunavik Nickel,QC-MAIN-5ce331b8,,mining,"Open-pit, underground, concentrator",Truck & Shovel / Loader;Longhole stoping,"Surface – Truck & Shovel, Underground – Stoping – Long-Hole Stoping","Nickel, copper, platinum group metals, cobalt",Magmatic,,,https://miningdataonline.com/property/1603/Nunavik-Nickel-Mine.aspx,https://miningdataonline.com/property/1603/Nunavik-Nickel-Mine.aspx ; https://ecat.ga.gov.au/geonetwork/srv/eng/catalog.search#/metadata/145496,
ARCH-ed23117f-1,,Centerra Gold Inc,Mount Milligan,BC-MAIN-ed23117f,,mining,"Open-pit, concentrator",Truck & Shovel / Loader,Surface – Truck & Shovel,"Copper, gold, silver","Porphyry, Breccia pipe / Stockwork, Vein / narrow vein",Sulfide,,https://miningdataonline.com/property/1603/Nunavik-Nickel-Mine.aspx,https://miningdataonline.com/property/1603/Nunavik-Nickel-Mine.aspx ; https://ecat.ga.gov.au/geonetwork/srv/eng/catalog.search#/metadata/145496,
ARCH-089f3c60-1,,Champion Iron Ltd,Bloom Lake,QC-MAIN-089f3c60,,mining,Open-pit,Truck & Shovel / Loader,Surface – Truck & Shovel,Iron,Banded iron formation,Oxide,,https://miningdataonline.com/property/59/Mount-Milligan-Mine.aspx,https://miningdataonline.com/property/59/Mount-Milligan-Mine.aspx ; https://ecat.ga.gov.au/geonetwork/srv/eng/catalog.search#/metadata/145496,
ARCH-94e652a5-1,Yes,De Beers Canada Inc,Gahcho Kué,NT-MAIN-94e652a5,,mining,"Open-pit, plant",Truck & Shovel / Loader,Surface – Truck & Shovel,Diamonds,Kimberlite,,,https://miningdataonline.com/property/3027/Bloom-Lake-Mine.aspx,https://miningdataonline.com/property/3027/Bloom-Lake-Mine.aspx ; https://ecat.ga.gov.au/geonetwork/srv/eng/catalog.search#/metadata/145496,
ARCH-f9e41c2a-1,,Eldorado Gold,Lamaque,QC-MAIN-f9e41c2a,,mining,"Underground, concentrator",Longhole stoping;Longitudinal stoping;Transverse stoping;Longitudinal retreat;Sill mining,Underground – Stoping – Long-Hole Stoping,Gold,"Vein / narrow vein, Orogenic",Sulfide,,https://miningdataonline.com/property/40/Gahcho-Ku%C3%A9-Mine.aspx,https://miningdataonline.com/property/40/Gahcho-Ku%C3%A9-Mine.aspx ; https://ecat.ga.gov.au/geonetwork/srv/eng/catalog.search#/metadata/145496,
ARCH-7f050560-1,,Evolution Mining Ltd,Red Lake,ON-MAIN-7f050560,,mining,"Underground, concentrator",Sub-level open stoping (SLOS);Avoca,Underground – Stoping – Long-Hole Stoping,"Gold, silver","Vein / narrow vein, Replacement, Breccia pipe / Stockwork",Sulfide,,https://miningdataonline.com/property/1694/Lamaque-Project.aspx,https://miningdataonline.com/property/1694/Lamaque-Project.aspx ; https://ecat.ga.gov.au/geonetwork/srv/eng/catalog.search#/metadata/145496,
ARCH-c139de6d-1,,FireFly Metals Ltd,Ming,NL-MAIN-c139de6d,,mining,Concentrator,Post Pillar Cut & Fill;Longhole stoping;Transverse stoping,"Underground – Stoping – Cut-and-Fill Stoping, Underground – Stoping – Long-Hole Stoping","Copper, gold, silver",VMS,Sulfide,,https://miningdataonline.com/property/234/Red-Lake-Operation.aspx,https://miningdataonline.com/property/234/Red-Lake-Operation.aspx ; https://ecat.ga.gov.au/geonetwork/srv/eng/catalog.search#/metadata/145496,
ARCH-a97821c0-1,,Glencore Canada Corporation,Kidd Creek,QC-MAIN-a97821c0,,mining,Underground,Longhole open stoping,Underground – Stoping – Long-Hole Stoping,"Copper, zinc, silver, selenium, indium",VMS,Sulfide,,https://miningdataonline.com/property/960/Ming-Mine.aspx,https://miningdataonline.com/property/960/Ming-Mine.aspx ; https://ecat.ga.gov.au/geonetwork/srv/eng/catalog.search#/metadata/145496,Volcanic basin hydrothermal;Volcanogenic massive sulfide (VMS);Bimodal-mafic VMS
ARCH-206041d1-1,,Glencore Canada Corporation,Fraser,ON-MAIN-206041d1,GRP-de097f20,mining,Underground,Cut & Fill;Blast Hole Stoping;Longhole stoping,"Underground – Stoping – Cut-and-Fill Stoping, Underground – Stoping – Long-Hole Stoping","Nickel, copper, platinum group metals, gold, cobalt, silver","Veing / narrow vein, Contact-metasomatic, Footwall hosted",Sulfide,,https://miningdataonline.com/property/1375/Sudbury-INO-Operation.aspx,https://miningdataonline.com/property/1375/Sudbury-INO-Operation.aspx ; https://ecat.ga.gov.au/geonetwork/srv/eng/catalog.search#/metadata/145496,Magmatic;Ultramafic and (or) mafic intrusion;Impact U-M intrusion Ni-Cu-PGE
ARCH-ed85ac94-1,,Glencore Canada Corporation,Strathcona,ON-MAIN-ed85ac94,GRP-de097f20,mining,Concentrator,Cut & Fill;Blast Hole Stoping;Longhole stoping,"Underground – Stoping – Cut-and-Fill Stoping, Underground – Stoping – Long-Hole Stoping","Nickel, copper, platinum group metals, gold, silver, cobalt, selenium, tellurium","Veing / narrow vein, Contact-metasomatic, Footwall hosted",Oxide or Sulfide,,https://miningdataonline.com/property/1375/Sudbury-INO-Operation.aspx,https://miningdataonline.com/property/1375/Sudbury-INO-Operation.aspx ; https://ecat.ga.gov.au/geonetwork/srv/eng/catalog.search#/metadata/145496,"Magmatic hydrothermal;Epithermal;IS epithermal Ag-Au Â± Zn, Pb, Cu, Sn, Mn"
ARCH-f8313ebd-1,,Glencore Canada Corporation,Raglan,ON-MAIN-f8313ebd,,mining,Concentrator,Cut & Fill;Longhole stoping,"Underground – Stoping – Cut-and-Fill Stoping, Underground – Stoping – Long-Hole Stoping","Nickel, platinum group metals, copper, cobalt, gold, silver","Magmatic, Footwall hosted",Sulfide,,https://miningdataonline.com/property/1375/Sudbury-INO-Operation.aspx,https://miningdataonline.com/property/1375/Sudbury-INO-Operation.aspx ; https://ecat.ga.gov.au/geonetwork/srv/eng/catalog.search#/metadata/145496,Magmatic;Komatiite;Komatiite Ni-Cu-PGE
ARCH-GRP-1437e854-1,,Glencore Canada Corporation,Sudbury INO,,GRP-1437e854,mining and manufacturing,"Underground, concentrator",Cut & Fill;Blast Hole Stoping;Longhole stoping,"Underground – Stoping – Cut-and-Fill Stoping, Underground – Stoping – Long-Hole Stoping","Nickel, copper, platinum group metals, gold, cobalt, silver","Vein / narrow vein, Contact-metasomatic, Footwall hosted",Sulfide,,https://miningdataonline.com/property/68/Raglan-Mine.aspx,https://miningdataonline.com/property/68/Raglan-Mine.aspx ; https://ecat.ga.gov.au/geonetwork/srv/eng/catalog.search#/metadata/145496,Magmatic;Ultramafic and (or) mafic intrusion;Impact U-M intrusion Ni-Cu-PGE
ARCH-4724f4ba-1,,Gold Mountain Mining Corp,Elk,BC-MAIN-4724f4ba,,mining,"Underground, concentrator",Truck & Shovel / Loader,Surface – Truck & Shovel,"Gold, silver","Intrusion related, Vein / narrow vein",,,https://miningdataonline.com/property/3134/Elk-Gold-Mine.aspx,https://miningdataonline.com/property/3134/Elk-Gold-Mine.aspx ; https://ecat.ga.gov.au/geonetwork/srv/eng/catalog.search#/metadata/145496,
ARCH-b86f7d07-1,Yes,Hecla Mining Company,Keno Hill Silver District,QC-MAIN-b86f7d07,,mining,"Open-pit, underground, concentrator",Mechanized Cut & Fill,Underground – Stoping – Cut-and-Fill Stoping,"Silver, zinc, lead","Hydrothermal, Vein / narrow vein",Sulfide,,https://miningdataonline.com/property/3134/Elk-Gold-Mine.aspx,https://miningdataonline.com/property/3134/Elk-Gold-Mine.aspx ; https://ecat.ga.gov.au/geonetwork/srv/eng/catalog.search#/metadata/145496,Magmatic hydrothermal;Vein;Vein polymetallic
ARCH-44857446-1,Yes,Hecla Mining Company,Casa Berardi,YT-MAIN-44857446,,mining,"Underground, concentrator",Truck & Shovel / Loader;Longhole stoping;Transverse stoping;Longitudinal stoping,"Surface – Truck & Shovel, Underground – Stoping – Long-Hole Stoping","Gold, silver","Breccia pipe / Stockwork, Vein / narrow vein, Banded iron formation hosted",Sulfide,,https://miningdataonline.com/property/4563/Keno-Hill-Operation.aspx,https://miningdataonline.com/property/4563/Keno-Hill-Operation.aspx ; https://ecat.ga.gov.au/geonetwork/srv/eng/catalog.search#/metadata/145496,
ARCH-599152a0-1,Yes,Hudbay Minerals Inc,Copper Mountain,BC-MAIN-599152a0,,mining,Concentrator,"Open pit mining with blasting, loading, and hauling using shovels and 220-tonne haul trucks​",,"Copper, gold, silver","Alkalic porphyry copper–gold deposit (silica saturated), typical of BC's Cordillera deposits​",Sulfide,,https://miningdataonline.com/property/24/Casa-Berardi-Mine.aspx,https://miningdataonline.com/property/24/Casa-Berardi-Mine.aspx ; https://ecat.ga.gov.au/geonetwork/srv/eng/catalog.search#/metadata/145496,
ARCH-GRP-a13779f8-1,Yes,Hudbay Minerals Inc,Snow Lake,,GRP-a13779f8,mining,"Open-pit, underground, concentrator",Lalor: Cut and fill & Longhole open stoping;1901: Post-Pillar Mechanized Cut & Fill (PPMCAF) and Inclined Room & Pillar;WIM/3 Zone: Longhole retreat​,,"Gold, zinc, copper, silver","Volcanogenic Massive Sulphide (VMS) — Cu-Zn and Zn-Cu rich, and structurally controlled lode-gold vein-type for New Britannia and other gold zones",Sulfide,,https://miningdataonline.com/property/1/copper-mountain-mine.aspx,https://miningdataonline.com/property/1/copper-mountain-mine.aspx ; https://ecat.ga.gov.au/geonetwork/srv/eng/catalog.search#/metadata/145496,
ARCH-02884fb5-1,Yes,IAMGOLD Corporation,Westwood-Doyon,QC-MAIN-02884fb5,,mining,"Underground, concentrator",Truck & Shovel / Loader;Underhand stoping;Longhole open stoping,"Surface – Truck & Shovel, Underground – Stoping – Long-Hole Stoping","Gold, silver","VMS, Vein / narrow vein, Intrusion related, Orogenic",Sulfide,,https://miningdataonline.com/property/77/Westwood-Operation.aspx,https://miningdataonline.com/property/77/Westwood-Operation.aspx ; https://ecat.ga.gov.au/geonetwork/srv/eng/catalog.search#/metadata/145496,Volcanic basin hydrothermal;Volcanogenic massive sulfide (VMS);Bimodal-felsic VMS
ARCH-a3c56a83-1,,Impala Canada Ltd,Lac des Iles,ON-MAIN-a3c56a83,,mining,"Open-pit, underground, concentrator",Truck & Shovel / Loader;Longhole open stoping;Sub-level shrinkage;Sub-level caving,"Surface – Truck & Shovel, Underground – Stoping – Long-Hole Stoping","Platinum group metals, gold, nickel, copper, cobalt","Magmatic, Intrusion related",Sulfide,,https://miningdataonline.com/property/77/Westwood-Operation.aspx,https://miningdataonline.com/property/77/Westwood-Operation.aspx ; https://ecat.ga.gov.au/geonetwork/srv/eng/catalog.search#/metadata/145496,
ARCH-3f490561-1,Yes,Imperial Metals Corporation,Mount Polley,BC-MAIN-3f490561,,mining,"Open-pit, concentrator",Truck & Shovel / Loader,Surface – Truck & Shovel,"Gold, copper, silver","Porphyry, Breccia pipe / Stockwork",Sulfide,"Crushing, grinding, gravity concentration, cyanide leaching, and carbon-in-pulp (CIP) circuit​",https://miningdataonline.com/property/55/Lac-des-Iles-Mine.aspx,https://miningdataonline.com/property/55/Lac-des-Iles-Mine.aspx ; https://ecat.ga.gov.au/geonetwork/srv/eng/catalog.search#/metadata/145496,
ARCH-dd723db4-1,,Iron Ore Company of Canada Inc.,Carol Lake,NL-MAIN-dd723db4,,mining,"Open-pit, concentrator",Truck & Shovel / Loader,Surface – Truck & Shovel,Iron,Banded iron formation,Oxide,,https://miningdataonline.com/property/61/Mount-Polley.aspx,https://miningdataonline.com/property/61/Mount-Polley.aspx ; https://ecat.ga.gov.au/geonetwork/srv/eng/catalog.search#/metadata/145496,
ARCH-7001a391-1,Yes,KGHM,McCreedy West,ON-MAIN-7001a391,,mining,Underground,Back stoping;Undercut mining,,"Copper, nickel, platinum group metals, gold, silver, cobalt","Vein / narrow vein, Breccia pipe / Stockwork, Footwall hosted",Sulfide,,https://miningdataonline.com/property/23/Carol-Lake-Mine.aspx,https://miningdataonline.com/property/23/Carol-Lake-Mine.aspx ; https://ecat.ga.gov.au/geonetwork/srv/eng/catalog.search#/metadata/145496,Magmatic;Ultramafic and (or) mafic intrusion;Impact U-M intrusion Ni-Cu-PGE
ARCH-a555d9b9-1,,Magris Performance Materials Inc.,Niobec,QC-MAIN-a555d9b9,,mining,"Underground, concentrator",Open stopping,,Niobium,"Magmatic, Metasomatic",,,"https://miningdataonline.com/property/173/McCreedy-West,--Morrison-Levack-Sudbury-Basin-Mine.aspx","https://miningdataonline.com/property/173/McCreedy-West,--Morrison-Levack-Sudbury-Basin-Mine.aspx ; https://ecat.ga.gov.au/geonetwork/srv/eng/catalog.search#/metadata/145496",
ARCH-f021107e-1,,Maritime Resources Corp.,Point Rousse,NL-MAIN-f021107e,,mining,"Open-pit, concentrator",Truck & Shovel / Loader,Surface – Truck & Shovel,Gold,"Vein / narrow vein, Orogenic",Sulfide,,https://miningdataonline.com/property/12/Niobec-Mine.aspx,https://miningdataonline.com/property/12/Niobec-Mine.aspx ; https://ecat.ga.gov.au/geonetwork/srv/eng/catalog.search#/metadata/145496,
ARCH-4e0734b5-1,Yes,McEwen Mining Inc,Fox Complex,ON-MAIN-4e0734b5,,mining,"Open-pit, underground, concentrator",Longitudinal stoping;Transverse stoping;Longhole stoping;Longitudinal open stoping,Underground – Stoping – Long-Hole Stoping,Gold,"Vein / narrow vein, Intrusion related, Breccia pipe / Stockwork, Porphyry, Epithermal",Oxide or Sulfide,,https://miningdataonline.com/property/454/Eagle-Mine-Operation.aspx,https://miningdataonline.com/property/454/Eagle-Mine-Operation.aspx ; https://ecat.ga.gov.au/geonetwork/srv/eng/catalog.search#/metadata/145496,
ARCH-752fbcae-1,,Minto Metals Corporation,Minto,YT-MAIN-752fbcae,,mining,"Open-pit, underground, concentrator",Longhole upper cut retreat,,"Copper, gold, silver",Porphyry,Sulfide,,https://miningdataonline.com/property/588/Fox-Complex.aspx,https://miningdataonline.com/property/588/Fox-Complex.aspx ; https://ecat.ga.gov.au/geonetwork/srv/eng/catalog.search#/metadata/145496,
ARCH-aa76f6f2-1,Yes,New Gold Inc,New Afton,BC-MAIN-aa76f6f2,,mining,"Open-pit, underground, concentrator","Black caving, longhole stoping",Underground – Caving – Block Caving,"Gold, copper, silver",Alkalic coppergold porphyry,Sulfide,,https://miningdataonline.com/property/58/Minto-Mine.aspx,https://miningdataonline.com/property/58/Minto-Mine.aspx ; https://ecat.ga.gov.au/geonetwork/srv/eng/catalog.search#/metadata/145496,
ARCH-0aadf28f-1,Yes,New Gold Inc,Rainy River,ON-MAIN-0aadf28f,,mining,"Underground, concentrator",Truck & Shovel / Loader;Longitudinal open stoping;Transverse stoping;Longhole open stoping;Avoca,"Surface – Truck & Shovel, Underground – Stoping – Long-Hole Stoping","Gold, silver","VMS, vein/narrow vein",Sulfide,,https://miningdataonline.com/property/11/new-afton-mine.aspx,https://miningdataonline.com/property/11/new-afton-mine.aspx ; https://ecat.ga.gov.au/geonetwork/srv/eng/catalog.search#/metadata/145496,
ARCH-1c674cd0-1,,Newmont Corporation,Porcupine,ON-MAIN-1c674cd0,,mining,Underground,Truck & Shovel / Loader;Shrinkage stoping;Sub-level Retreat;Longhole stoping;Mechanized Cut & Fill,"Surface – Truck & Shovel, Underground – Caving – Sublevel Caving, Underground – Stoping – Cut-and-Fill Stoping, Underground – Stoping – Long-Hole Stoping, Underground – Stoping – Shrinkage Stoping",Gold,"Breccia pipe / Stockwork, Vein / narrow vein",Sulfide,,https://miningdataonline.com/property/69/Rainy-River-Mine.aspx,https://miningdataonline.com/property/69/Rainy-River-Mine.aspx ; https://ecat.ga.gov.au/geonetwork/srv/eng/catalog.search#/metadata/145496,Magmatic hydrothermal;Vein;Vein polymetallic
ARCH-3b3e5365-1,,Newmont Corporation,Hollinger,ON-MAIN-3b3e5365,GRP-0d911886,mining,"Underground, concentrator",Truck & Shovel / Loader,Surface – Truck & Shovel,Gold,"Vein / narrow vein, Porphyry",Sulfide,,https://miningdataonline.com/property/420/Hollinger-Mine.aspx,https://miningdataonline.com/property/420/Hollinger-Mine.aspx ; https://ecat.ga.gov.au/geonetwork/srv/eng/catalog.search#/metadata/145496,
ARCH-857b7b89-1,,Newmont Corporation,Red Chris,BC-MAIN-857b7b89,,mining,"Open-pit, concentrator",Truck & Shovel / Loader,Surface – Truck & Shovel,"Gold, copper, silver",Porphyry,Sulfide,"Primary and secondary crushing, semi-autogenous grinding (SAG), ball mill, gravity concentration, cyanide leaching, and carbon-in-pulp (CIP)​",https://miningdataonline.com/property/246/Red-Chris-Mine.aspx,https://miningdataonline.com/property/246/Red-Chris-Mine.aspx ; https://ecat.ga.gov.au/geonetwork/srv/eng/catalog.search#/metadata/145496,
ARCH-8eb8be0d-1,,Newmont Corporation,Musselwhite,BC-MAIN-8eb8be0d,,mining,Concentrator,Avoca;Transverse stoping;Longhole stoping;Longitudinal retreat;Sub-level stoping,Underground – Stoping – Long-Hole Stoping,"Gold, silver","Iron formation hosted, Vein / narrow vein, Stratabound",Sulfide,,https://miningdataonline.com/property/246/Red-Chris-Mine.aspx,https://miningdataonline.com/property/246/Red-Chris-Mine.aspx ; https://ecat.ga.gov.au/geonetwork/srv/eng/catalog.search#/metadata/145496,Metamorphic hydrothermal;Orogenic;Mesozonal orogenic Au
ARCH-538513cd-1,,Newmont Corporation,Éléonore,ON-MAIN-538513cd,,mining,"Underground, concentrator",Transverse open stoping;Open stoping;Longitudinal retreat,Underground – Stoping – Long-Hole Stoping,Gold,"Breccia pipe / Stockwork, Sediment-hosted",,Crush–grind–flotation: SAG mill + ball mill + pebble crusher; sulphide flotation producing Cu-Ag-Au concentrate,https://miningdataonline.com/property/63/Musselwhite-Mine.aspx,https://miningdataonline.com/property/63/Musselwhite-Mine.aspx ; https://ecat.ga.gov.au/geonetwork/srv/eng/catalog.search#/metadata/145496,
ARCH-fefeaee4-1,,Newmont Corporation,Brucejack,ON-MAIN-fefeaee4,,mining,"Underground, concentrator",Longhole open stoping;Transverse open stoping;Longitudinal open stoping,Underground – Stoping – Long-Hole Stoping,"Gold, silver","Breccia pipe / Stockwork, Vein / narrow vein, Epithermal",Oxide or Sulfide,,https://miningdataonline.com/property/72/Brucejack-Mine.aspx,https://miningdataonline.com/property/72/Brucejack-Mine.aspx ; https://ecat.ga.gov.au/geonetwork/srv/eng/catalog.search#/metadata/145496,
ARCH-6dc537e6-1,,Newmont Corporation,Borden,QC-MAIN-6dc537e6,GRP-0d911886,mining,"Open-pit, underground",Sub-level Retreat,Underground – Caving – Sublevel Caving,Gold,"Vein / narrow vein, Mesothermal",Sulfide,,https://miningdataonline.com/property/72/Brucejack-Mine.aspx,https://miningdataonline.com/property/72/Brucejack-Mine.aspx ; https://ecat.ga.gov.au/geonetwork/srv/eng/catalog.search#/metadata/145496,
ARCH-8629a493-1,,Newmont Corporation,Hoyle Pond,ON-MAIN-8629a493,GRP-0d911886,mining,Open-pit,Longhole stoping;Shrinkage stoping;Mechanized Cut & Fill,"Underground – Stoping – Cut-and-Fill Stoping, Underground – Stoping – Long-Hole Stoping, Underground – Stoping – Shrinkage Stoping",Gold,Vein / narrow vein,Sulfide,,https://miningdataonline.com/property/1439/Hoyle-Pond-Mine.aspx,https://miningdataonline.com/property/1439/Hoyle-Pond-Mine.aspx ; https://ecat.ga.gov.au/geonetwork/srv/eng/catalog.search#/metadata/145496,
ARCH-60ba74c4-1,,Orano Canada Inc,McClean Lake,SK-MAIN-60ba74c4,,mining,Concentrator,Borehole mining (SABRE),,Uranium,"Unconformity related, Vein / narrow vein",Sulfide,,https://miningdataonline.com/property/1439/Hoyle-Pond-Mine.aspx,https://miningdataonline.com/property/1439/Hoyle-Pond-Mine.aspx ; https://ecat.ga.gov.au/geonetwork/srv/eng/catalog.search#/metadata/145496,
ARCH-bfbcd72e-1,Yes,Pan American Silver Corp,Bell Creek,ON-MAIN-bfbcd72e,GRP-147b3123,mining,"Underground, concentrator",Longhole stoping,Underground – Stoping – Long-Hole Stoping,Gold,"Veing / narrow vein, Mesothermal",Sulfide,,https://miningdataonline.com/property/98/McClean-Lake-Mine.aspx,https://miningdataonline.com/property/98/McClean-Lake-Mine.aspx ; https://ecat.ga.gov.au/geonetwork/srv/eng/catalog.search#/metadata/145496,
ARCH-f3e6ff08-1,Yes,Pan American Silver Corp,Timmins West,ON-MAIN-f3e6ff08,GRP-147b3123,mining,Underground,Longitudinal stoping;Transverse stoping;Longhole stoping,Underground – Stoping – Long-Hole Stoping,Gold,"Vein / narrow vein, Mesothermal, Intrusion related",Sulfide,,https://miningdataonline.com/property/8/Bell-Creek-Mine.aspx,https://miningdataonline.com/property/8/Bell-Creek-Mine.aspx ; https://ecat.ga.gov.au/geonetwork/srv/eng/catalog.search#/metadata/145496,Metamorphic hydrothermal;Orogenic;Mesozonal orogenic Au
ARCH-0ec39ce0-1,,Rio Tinto,Lac Tio,NT-MAIN-0ec39ce0,,mining,Open-pit,Truck & Shovel / Loader,Surface – Truck & Shovel,Ilmenite,"Magmatic, Intrusion related",,"Acid leach at Key Lake mill, blended with lower-grade feed",https://miningdataonline.com/property/9/Timmins-West-Mine.aspx,https://miningdataonline.com/property/9/Timmins-West-Mine.aspx ; https://ecat.ga.gov.au/geonetwork/srv/eng/catalog.search#/metadata/145496,
ARCH-e82266c5-1,,Rio Tinto,Diavik,QC-MAIN-e82266c5,,mining,"Underground, plant",Blast Hole Stoping;Sub-level Retreat,Underground – Caving – Sublevel Caving,Diamonds,Kimberlite,,,https://miningdataonline.com/property/955/Lac-Tio-(Havre-St-Pierre)-Mine.aspx,https://miningdataonline.com/property/955/Lac-Tio-(Havre-St-Pierre)-Mine.aspx ; https://ecat.ga.gov.au/geonetwork/srv/eng/catalog.search#/metadata/145496,
ARCH-dc1a16f9-1,,Sayona Québec Inc,North American Lithium,QC-MAIN-dc1a16f9,,mining,"Open-pit, underground",Truck & Shovel / Loader,Surface – Truck & Shovel,Lithium,Pegmatite,Oxide,,https://miningdataonline.com/property/1628/North-American-Lithium-NAL-Mine.aspx,https://miningdataonline.com/property/1628/North-American-Lithium-NAL-Mine.aspx ; https://ecat.ga.gov.au/geonetwork/srv/eng/catalog.search#/metadata/145496,
ARCH-f4fc3276-1,,Silver Lake Resources Ltd,Sugar Zone,ON-MAIN-f4fc3276,,mining,"Underground, concentrator",Longhole open stoping;Longitudinal retreat,Underground – Stoping – Long-Hole Stoping,Gold,"Porphyry, Vein / narrow vein, Mesothermal",Sulfide,,https://miningdataonline.com/property/1628/North-American-Lithium-NAL-Mine.aspx,https://miningdataonline.com/property/1628/North-American-Lithium-NAL-Mine.aspx ; https://ecat.ga.gov.au/geonetwork/srv/eng/catalog.search#/metadata/145496,
ARCH-915d9faa-1,,Sinomine Resource Grp Co. Ltd,Tanco,MB-MAIN-915d9faa,,mining,"Underground, concentrator, plant",Room-and-pillar;Longhole stoping,"Underground – Room and pillar – Room-and-Pillar, Underground – Stoping – Long-Hole Stoping","Cesium, lithium",Pegmatite,Oxide,,https://miningdataonline.com/property/1741/Sugar-Zone-Mine.aspx,https://miningdataonline.com/property/1741/Sugar-Zone-Mine.aspx ; https://ecat.ga.gov.au/geonetwork/srv/eng/catalog.search#/metadata/145496,
ARCH-GRP-14bfbb82-1,,SSR Mining Inc,Seabee Gold Operation,,GRP-14bfbb82,mining,Concentrator,Avoca;Transverse stoping;Alimak;Longitudinal retreat,Underground – Stoping – Long-Hole Stoping,Gold,"Vein / narrow vein, Mesothermal",Sulfide,,https://miningdataonline.com/property/977/Tanco-Bernic-Lake-Mine.aspx,https://miningdataonline.com/property/977/Tanco-Bernic-Lake-Mine.aspx ; https://ecat.ga.gov.au/geonetwork/srv/eng/catalog.search#/metadata/145496,
ARCH-c9c77a59-1,Yes,St Barbara Limited,Moose River Consolidated,NS-MAIN-c9c77a59,,mining,"Open-pit, concentrator",Truck & Shovel / Loader,Surface – Truck & Shovel,Gold,"Vein / narrow vein, Mesothermal",Sulfide,"Slurry to McClean Lake mill, acid leach (~99.5% recovery)",https://miningdataonline.com/property/1552/15-Mile-and-Beaver-Dam-Project.aspx,https://miningdataonline.com/property/1552/15-Mile-and-Beaver-Dam-Project.aspx ; https://ecat.ga.gov.au/geonetwork/srv/eng/catalog.search#/metadata/145496,
ARCH-3032c251-1,,Stornoway Diamonds Corporation,Renard,QC-MAIN-3032c251,,mining,"Open-pit, underground, concentrator",Truck & Shovel / Loader;Blast Hole Stoping,Surface – Truck & Shovel,Diamonds,Kimberlite,,,https://miningdataonline.com/property/944/Atlantic-Operation.aspx,https://miningdataonline.com/property/944/Atlantic-Operation.aspx ; https://ecat.ga.gov.au/geonetwork/srv/eng/catalog.search#/metadata/145496,
ARCH-b64bae7a-1,,Tacora Resources Inc.,Scully,NL-MAIN-b64bae7a,,mining,"Open-pit, concentrator",Truck & Shovel / Loader,Surface – Truck & Shovel,Iron,Banded iron formation,Oxide,,https://miningdataonline.com/property/968/Renard-Mine.aspx,https://miningdataonline.com/property/968/Renard-Mine.aspx ; https://ecat.ga.gov.au/geonetwork/srv/eng/catalog.search#/metadata/145496,
ARCH-6b4800fe-1,,Taseko Mines Limited,Gibraltar,BC-MAIN-6b4800fe,,mining,"Open-pit, concentrator",Truck & Shovel / Loader,Surface – Truck & Shovel,"Copper, molybdenum, silver",Porphyry,Sulfide,x,https://miningdataonline.com/property/4651/Scully-Mine.aspx,https://miningdataonline.com/property/4651/Scully-Mine.aspx ; https://ecat.ga.gov.au/geonetwork/srv/eng/catalog.search#/metadata/145496,
ARCH-e09881ff-1,,Tata Steel Minerals Canada Limited,DSO (3 and 4),NL-MAIN-e09881ff,,mining,Open-pit,Truck & Shovel / Loader,Surface – Truck & Shovel,Iron,Iron formation hosted,Oxide,,https://miningdataonline.com/property/2/Gibraltar-Mine.aspx,https://miningdataonline.com/property/2/Gibraltar-Mine.aspx ; https://ecat.ga.gov.au/geonetwork/srv/eng/catalog.search#/metadata/145496,
ARCH-b8c826a2-1,,Tata Steel Minerals Canada Limited,DSO (Goodwood),QC-MAIN-b8c826a2,,mining,Open-pit,Truck & Shovel / Loader,Surface – Truck & Shovel,Iron,Iron formation hosted,Oxide,,https://miningdataonline.com/property/941/Howse-Project.aspx,https://miningdataonline.com/property/941/Howse-Project.aspx ; https://ecat.ga.gov.au/geonetwork/srv/eng/catalog.search#/metadata/145496,
ARCH-bf503b6b-1,,Teck Resources Limited,Highland Valley,BC-MAIN-bf503b6b,,mining,Open-pit,Truck & Shovel / Loader,Surface – Truck & Shovel,"Copper, silver, molybdenum","Porphyry, Breccia pipe / Stockwork, Vein / narrow vein",Sulfide,"Conventional crushing, grinding, gravity concentration, cyanide leaching, and carbon-in-pulp recovery​",https://miningdataonline.com/property/50/Highland-Valley-Mine.aspx,https://miningdataonline.com/property/50/Highland-Valley-Mine.aspx ; https://ecat.ga.gov.au/geonetwork/srv/eng/catalog.search#/metadata/145496,
ARCH-23155c25-1,,Trafigura Mining Group,Myra Falls,BC-MAIN-23155c25,,mining,Underground,Cut & Fill;Drift & Fill;Sub-level open stoping (SLOS);Longhole open stoping,"Underground – Stoping – Cut-and-Fill Stoping, Underground – Stoping – Long-Hole Stoping","Zinc, copper, silver, gold, lead",VMS,Sulfide,,https://miningdataonline.com/property/64/Myra-Falls-Mine.aspx,https://miningdataonline.com/property/64/Myra-Falls-Mine.aspx ; https://ecat.ga.gov.au/geonetwork/srv/eng/catalog.search#/metadata/145496,
ARCH-d9036091-1,,Vale,Voisey’s Bay,NL-MAIN-d9036091,,mining,Refinery,Drift & Fill;Open stoping,Underground – Stoping – Cut-and-Fill Stoping,"Nickel, copper, cobalt",Magmatic,Sulfide,,https://miningdataonline.com/property/64/Myra-Falls-Mine.aspx,https://miningdataonline.com/property/64/Myra-Falls-Mine.aspx ; https://ecat.ga.gov.au/geonetwork/srv/eng/catalog.search#/metadata/145496,Magmatic;Anorthosite conduit;Anorthosite conduit Ni-Cu-PGE
ARCH-2e13aaa0-1,,Vale,Thompson (T-1 and T-3),ON-MAIN-2e13aaa0,,mining,"Smelter, refinery, plant",Cut & Fill;Vertical block mining (VBM);Slot-Slash,"Underground – Stoping – Cut-and-Fill Stoping, Underground – Stoping – Long-Hole Stoping","Nickel, cobalt, copper, platinum group metals, gold, silver","Vein / narrow vein, Breccia pipe / Stockwork, Magmatic",Sulfide,,https://miningdataonline.com/property/417/Voiseys-Bay-Mine.aspx,https://miningdataonline.com/property/417/Voiseys-Bay-Mine.aspx ; https://ecat.ga.gov.au/geonetwork/srv/eng/catalog.search#/metadata/145496,Magmatic;Komatiite;Komatiite Ni-Cu-PGE
ARCH-de2f9639-1,,Vale,Clarabelle,ON-MAIN-de2f9639,GRP-dc07540b,,Concentrator,Mechanized Cut & Fill;Post Pillar Cut & Fill;Longitudinal stoping;Transverse stoping;Slot-Slash;Uppers Retreat;Vertical Crater Retreat;Drift & Fill,"Underground – Stoping – Cut-and-Fill Stoping, Underground – Stoping – Long-Hole Stoping","Nickel, copper, platinum group metals, gold, silver, cobalt, selenium, tellurium","Magmatic, Footwal hosted, Breccia pipe / stockwork",Sulfide,,https://miningdataonline.com/property/1377/Thompson-Mine.aspx,https://miningdataonline.com/property/1377/Thompson-Mine.aspx ; https://ecat.ga.gov.au/geonetwork/srv/eng/catalog.search#/metadata/145496,
ARCH-de2f9639-2,,Vale,Coleman,ON-MAIN-de2f9639,GRP-dc07540b,mining,Underground,Mechanized Cut & Fill;Post Pillar Cut & Fill;Longitudinal stoping;Transverse stoping;Slot-Slash;Uppers Retreat;Vertical Crater Retreat;Drift & Fill,"Underground – Stoping – Cut-and-Fill Stoping, Underground – Stoping – Long-Hole Stoping","Nickel, copper, platinum group metals, gold, silver, cobalt, selenium, tellurium","Magmatic, Footwall hosted, Breccia pipe / Stockwork",Sulfide,,https://miningdataonline.com/property/1485/Sudbury-Mine.aspx,https://miningdataonline.com/property/1485/Sudbury-Mine.aspx ; https://ecat.ga.gov.au/geonetwork/srv/eng/catalog.search#/metadata/145496,Magmatic;Ultramafic and (or) mafic intrusion;Impact U-M intrusion Ni-Cu-PGE
ARCH-f080c409-1,,Vale,Copper Cliff Complex,ON-MAIN-f080c409,GRP-dc07540b,mining,Underground,Mechanized Cut & Fill;Post Pillar Cut & Fill;Longitudinal stoping;Transverse stoping;Slot-Slash;Uppers Retreat;Vertical Crater Retreat;Drift & Fill,"Underground – Stoping – Cut-and-Fill Stoping, Underground – Stoping – Long-Hole Stoping","Nickel, copper, platinum group metals, gold, silver, cobalt, selenium, tellurium","Magmatic, Footwal hosted, Breccia pipe / stockwork",Sulfide,,https://miningdataonline.com/property/1485/Sudbury-Mine.aspx,https://miningdataonline.com/property/1485/Sudbury-Mine.aspx ; https://ecat.ga.gov.au/geonetwork/srv/eng/catalog.search#/metadata/145496,Magmatic;Ultramafic and (or) mafic intrusion;Impact U-M intrusion Ni-Cu-PGE
ARCH-48fe2205-1,,Vale,Garson,ON-MAIN-48fe2205,GRP-dc07540b,mining,Underground,Mechanized Cut & Fill;Post Pillar Cut & Fill;Longitudinal stoping;Transverse stoping;Slot-Slash;Uppers Retreat;Vertical Crater Retreat;Drift & Fill,"Underground – Stoping – Cut-and-Fill Stoping, Underground – Stoping – Long-Hole Stoping","Nickel, copper, platinum group metals, gold, silver, cobalt, selenium, tellurium","Magmatic, Footwal hosted, Breccia pipe / stockwork",Sulfide,,https://miningdataonline.com/property/1485/Sudbury-Mine.aspx,https://miningdataonline.com/property/1485/Sudbury-Mine.aspx ; https://ecat.ga.gov.au/geonetwork/srv/eng/catalog.search#/metadata/145496,Magmatic;Ultramafic and (or) mafic intrusion;Impact U-M intrusion Ni-Cu-PGE
ARCH-52224e1e-1,,Vale,Creighton,ON-MAIN-52224e1e,GRP-dc07540b,mining,Underground,Mechanized Cut & Fill;Post Pillar Cut & Fill;Longitudinal stoping;Transverse stoping;Slot-Slash;Uppers Retreat;Vertical Crater Retreat;Drift & Fill,"Underground – Stoping – Cut-and-Fill Stoping, Underground – Stoping – Long-Hole Stoping","Nickel, copper, platinum group metals, gold, silver, cobalt, selenium, tellurium","Magmatic, Footwal hosted, Breccia pipe / stockwork",Sulfide,,https://miningdataonline.com/property/1485/Sudbury-Mine.aspx,https://miningdataonline.com/property/1485/Sudbury-Mine.aspx ; https://ecat.ga.gov.au/geonetwork/srv/eng/catalog.search#/metadata/145496,Magmatic;Ultramafic and (or) mafic intrusion;Impact U-M intrusion Ni-Cu-PGE
ARCH-63b394c3-1,,Vale,Totten,ON-MAIN-63b394c3,,mining,Refinery,Slot-Slash;Mechanized Cut & Fill;Transverse stoping;Longitudinal stoping,"Underground – Stoping – Cut-and-Fill Stoping, Underground – Stoping – Long-Hole Stoping","Nickel, copper, platinum group metals, gold, silver, cobalt",Magmatic,Sulfide,"Stall Mill: Crush, grind, flotation for Cu, Zn, Au
New Britannia: Grind, flotation, leaching (for Au), refining. Flotation tails optionally leached​",https://miningdataonline.com/property/626/Totten-Mine.aspx,https://miningdataonline.com/property/626/Totten-Mine.aspx ; https://ecat.ga.gov.au/geonetwork/srv/eng/catalog.search#/metadata/145496,Magmatic;Ultramafic and (or) mafic intrusion;Impact U-M intrusion Ni-Cu-PGE
ARCH-GRP-dc07540b-1,,Vale,Sudbury Operation,,GRP-dc07540b,mining,"Open-pit, underground, concentrator",Mechanized Cut & Fill;Post Pillar Cut & Fill;Longitudinal stoping;Transverse stoping;Slot-Slash;Uppers Retreat;Vertical Crater Retreat;Drift & Fill,"Underground – Stoping – Cut-and-Fill Stoping, Underground – Stoping – Long-Hole Stoping","Nickel, copper, platinum group metals, gold, silver, cobalt, selenium, tellurium","Magmatic, Footwall hosted, Breccia pipe / Stockwork",Sulfide,,https://miningdataonline.com/property/1485/Sudbury-Mine.aspx,https://miningdataonline.com/property/1485/Sudbury-Mine.aspx ; https://ecat.ga.gov.au/geonetwork/srv/eng/catalog.search#/metadata/145496,Magmatic;Ultramafic and (or) mafic intrusion;Impact U-M intrusion Ni-Cu-PGE
ARCH-e05ed9fe-1,,Victoria Gold Corporation,Eagle (Dublin Gulch),YT-MAIN-e05ed9fe,,mining,"Open-pit, concentrator",Truck & Shovel / Loader,Surface – Truck & Shovel,Gold,"Vein / narrow vein, Intrusion related",Sulfide,,https://miningdataonline.com/property/1596/Eagle-Gold-Mine.aspx,https://miningdataonline.com/property/1596/Eagle-Gold-Mine.aspx ; https://ecat.ga.gov.au/geonetwork/srv/eng/catalog.search#/metadata/145496,
ARCH-c5fefb01-1,,Wesdome Gold Mines Ltd,Kiena,ON-MAIN-c5fefb01,,mining,"Open-pit, concentrator",Longhole stoping;Longitudinal retreat,Underground – Stoping – Long-Hole Stoping,Gold,"Vein / narrow vein, Breccia pipe / Stockwork, Orogenic",Sulfide,,https://miningdataonline.com/property/1596/Eagle-Gold-Mine.aspx,https://miningdataonline.com/property/1596/Eagle-Gold-Mine.aspx ; https://ecat.ga.gov.au/geonetwork/srv/eng/catalog.search#/metadata/145496,
ARCH-cb85213a-1,,Wesdome Gold Mines Ltd,Mishi,ON-MAIN-cb85213a,,mining,Open-pit,Truck & Shovel / Loader,Surface – Truck & Shovel,Gold,"Vein / narrow vein, Mesothermal",Sulfide,,https://miningdataonline.com/property/3048/Kiena-Mine.aspx,https://miningdataonline.com/property/3048/Kiena-Mine.aspx ; https://ecat.ga.gov.au/geonetwork/srv/eng/catalog.search#/metadata/145496,
ARCH-9de9bb0d-1,,Wesdome Gold Mines Ltd,Eagle River,QC-MAIN-9de9bb0d,,mining,"Underground, concentrator",Longhole stoping;Alimak;Sub-level open stoping (SLOS),Underground – Stoping – Long-Hole Stoping,Gold,"Mesothermal, Vein / narrow vein",Sulfide,,https://miningdataonline.com/property/1238/Mishi-Mine.aspx,https://miningdataonline.com/property/1238/Mishi-Mine.aspx ; https://ecat.ga.gov.au/geonetwork/srv/eng/catalog.search#/metadata/145496,
ARCH-UNKNOWN-1,,,,,,,,,,,,,,https://miningdataonline.com/property/1254/Eagle-River-Complex.aspx,https://miningdataonline.com/property/1254/Eagle-River-Complex.aspx ; https://ecat.ga.gov.au/geonetwork/srv/eng/catalog.search#/metadata/145496,
