main_id,facility_name,facility_group_id,facility_group_name,company_id,company_name,city,province,status,activity_status,development_stage,facility_type,mining_processing_type,commodity_group,commodities,owners,operators,operation_periods,company_URL,facility_URL,MDO_URL,source_id
AB-MAIN-35d0dc71,Boardwalk,,,CMP-ebdf8960,Lithium Bank,,Alberta,project_facility,Active,Advanced unconventional project,project,,,Lithium (brine),,,,,,,
AB-MAIN-63f096a6,Rainbow Lake,,,CMP-b0a8e549,Volt Lithium Corporation,,Alberta,project_facility,Active,Advanced unconventional project,project,,,Lithium (brine),,,,,,,
AB-MAIN-7d4a0421,Bashaw District,,,CMP-0f2021e7,E3 Lithium Ltd,,Alberta,project_facility,Active,Advanced unconventional project,project,,,Lithium (brine),,,,,,,
AB-MAIN-8434dce0,Baymag,,,CMP-79bcdb91,Barrick Gold Corporation,,Alberta,active_facility,,,manufacturing,Plant,Base metals,Magnesium oxide,Refratechnik (100%),Baymag Inc?,,https://www.baymag.com/,https://www.refra.com/en/Calgary/,-,
AB-MAIN-9a0307f6,SBH Black Shale,,,CMP-ad57c7dd,Critical Minerals Americas Inc,,Alberta,project_facility,Active,Advanced unconventional project,project,,,"Vanadium, zinc, nickel, uranium, copper, cobalt, rare earth elements, scandium, lithium, molybdenum",Alamos Gold Inc (100%),,,,,,
AB-MAIN-9fed34a8,AltaSteel,,,CMP-c6e8351c,AltaSteel Inc,,Alberta,active_facility,,,manufacturing,Electric arc furnace,Iron ore,Steel,"AltaSteel is a 100% owned subsidiary of a Japanese steelmaking company, Kyoei Steel Ltd.",,,https://www.altasteel.com/,,-,
AB-MAIN-ca9625ce,Fortune Minerals Refinery,,,CMP-7d4b0f2b,Fortune Minerals Limited,,Alberta,project_facility,Active,Advanced processing project,project,,,"Cobalt, gold, bismuth, copper",,,,,,,
AB-MAIN-d3a4aba9,The Cobalt Refinery Company Inc.,,,CMP-2ef1f553,Sherritt International Corporation,,Alberta,active_facility,,,manufacturing,Refinery,Base metals,"Nickel, cobalt, copper sulfide, ammonium sulfate","Sherritt International Corporation (50%), General Nickel Company S.A (50%) through Moa Joint Venture",,,https://www.sherritt.com/English/Home/default.aspx,https://sherritt.com/operations/,-,
BC-MAIN-116ae608,Revel Ridge,,,CMP-4cd77318,Rokmaster Resources Corp,,British Columbia,project_facility,Active,Advanced project,project,,,"Gold, lead, silver, zinc",,,,,,,
BC-MAIN-12730593,Kutcho,,,CMP-12b1bf06,Kutcho Copper Corp,,British Columbia,project_facility,Active,Advanced project,project,,,"Copper, zinc, silver, gold, lead",,,,,,,
BC-MAIN-18bed6d7,Yellowhead,,,CMP-e35f138c,Taseko Mines Limited,,British Columbia,project_facility,Active,Advanced project,project,,,"Copper, gold, silver",,,,https://www.tasekomines.com/,https://www.tasekomines.com/properties/aley-project/,https://miningdataonline.com/property/1500/Aley-Project.aspx,
BC-MAIN-193ddddb,Schaft Creek,,,CMP-06e20c6e,Teck Resources Limited,,British Columbia,project_facility,Active,Advanced project,project,,,"Copper, molybdenum, gold, silver",,,,,https://www.teck.com/operations/canada/operations/trail-operations/,-,
BC-MAIN-23155c25,Myra Falls,,,CMP-05423572,Trafigura Mining Group,Strathcona,British Columbia,active_facility,,,mining,Underground,Base metals and precious metals,"Zinc, copper, silver, gold, lead",Trafigura Mining Group (100%),Myra Falls Mine Ltd,1966–1985; 2002–2015; 2019–open,https://www.trafigura.com/,,https://miningdataonline.com/property/64/Myra-Falls-Mine.aspx,
BC-MAIN-23f67ea8,Aley,,,CMP-e35f138c,Taseko Mines Limited,,British Columbia,project_facility,Active,Advanced project,project,,,Niobium,,,,https://www.tasekomines.com/,,,
BC-MAIN-265a57f6,Kwanika,,,CMP-8fc61de5,NorthWest Copper Corp,,British Columbia,project_facility,Active,Advanced project,project,,,"Copper, gold, silver",,,,,,,
BC-MAIN-382acb18,Wicheeda,,,CMP-0c229302,Defense Metals Corp,,British Columbia,project_facility,Active,Advanced project,project,,,Rare earth elements,,,,,,,
BC-MAIN-3bb6b7cd,Trail,,,CMP-06e20c6e,Teck Resources Limited,,British Columbia,active_facility,,,manufacturing,"Smelter, refinery, plant",Base metals,"Zinc, lead, bismuth, cadmium, indium, germanium, precious metals, liquid sulfur dioxide, sulfuric acid",,,,https://www.teck.com/,,,
BC-MAIN-3ef4f421,Avanti Kitsault,,,CMP-336d5ebc,-,,British Columbia,project_facility,Active,Advanced project,project,,,"Molybdenum, silver, lead",,,,,,,
BC-MAIN-3f490561,Mount Polley,,,CMP-0dfcd91e,Imperial Metals Corporation,northeast of Williams Lake,British Columbia,active_facility,,,mining,"Open-pit, concentrator",Base metals,"Gold, copper, silver",Imperial Metals Corporation (100%),Mount Polley Mining Corp,,https://imperialmetals.com/,https://www.mountpolley.com/,https://miningdataonline.com/property/61/Mount-Polley.aspx,
BC-MAIN-4724f4ba,Elk,,,CMP-d726df1c,Gold Mountain Mining Corp,Peachland,British Columbia,active_facility,,,mining,Open-pit,Precious metals,Gold,Gold Mountain Mining Corp (100%),Elk Gold Mining Corp,,https://gold-mountain.ca/,https://gold-mountain.ca/operations/,https://miningdataonline.com/property/3134/Elk-Gold-Mine.aspx,
BC-MAIN-4959ea63,KSM,,,CMP-ece75057,Seabridge Gold Inc,,British Columbia,project_facility,Active,Advanced project,project,,,"Gold, copper, silver, molybdenum",,,,,,,
BC-MAIN-51068f3b,Kitsault Valley,,,CMP-fe387d85,Dolly Varden Silver Corporation,,British Columbia,project_facility,Active,Advanced project,project,,,"Gold, silver, copper, lead",,,,,,,
BC-MAIN-599152a0,Copper Mountain,,,CMP-12afc634,Hudbay Minerals Inc,Princeton,British Columbia,active_facility,,,mining,"Open-pit, concentrator",Base metals,"Copper, gold, silver",Hudbay Minerals Inc (100%),Copper Mountain Mine Ltd,1884–1958; 2011–open,https://hudbayminerals.com/canada/default.aspx,-,https://miningdataonline.com/property/1/copper-mountain-mine.aspx,
BC-MAIN-6b4800fe,Gibraltar,,,CMP-e35f138c,Taseko Mines Limited,north of Williams Lake,British Columbia,active_facility,,,mining,"Open-pit, concentrator",Base metals,"Copper, molybdenum, silver",Taseko Mines Limited (100%),,1972–1998; 2004–open,https://www.tasekomines.com/,https://www.tasekomines.com/properties/gibraltar-mine/,https://miningdataonline.com/property/2/Gibraltar-Mine.aspx,
BC-MAIN-6fbdcf4c,North Island,,,CMP-78a44c40,Northisle Copper and Gold Inc,,British Columbia,project_facility,Active,Advanced project,project,,,"Copper, gold, molybdenum, rhenium",,,,,,,
BC-MAIN-857b7b89,Brucejack,,,CMP-4a434d72,Newmont Corporation,Stewart,British Columbia,active_facility,,,mining,"Underground, concentrator",Precious metals,"Gold, silver","Newmount Corporation (70%), Imperial Metals Corp (30%)",,2017–open,https://www.newmont.com/home/default.aspx,https://operations.newmont.com/north-america/red-chris-canada,https://miningdataonline.com/property/246/Red-Chris-Mine.aspx,
BC-MAIN-891d3cb5,Akie,,,CMP-3416049b,ZincX Resources Corp,,British Columbia,project_facility,Active,Advanced project,project,,,"Zinc, lead, silver",,,,,,,
BC-MAIN-8eb8be0d,Red Chris,,,CMP-4a434d72,Newmont Corporation,Kinaskan Lake,British Columbia,active_facility,,,mining,"Open-pit, concentrator",Base metals,"Gold, copper, silver",Orla Mining Ltd (100%),,2015–open,x,x,https://miningdataonline.com/property/63/Musselwhite-Mine.aspx,
BC-MAIN-a505d25d,Ootsa,,,CMP-0bd683f7,Surge Copper Corp,,British Columbia,project_facility,Active,Advanced project,project,,,"Copper, gold, molybdenum, silver",,,,,,,
BC-MAIN-aa76f6f2,New Afton,,,CMP-d94be190,New Gold Inc,Kamloops,British Columbia,active_facility,,,mining,"Underground, concentrator",Base metals and precious metals,"Gold, copper, silver",New Gold Inc (100%),,2012–open,https://newgold.com/home/default.aspx,https://newgold.com/assets/#new-afton-mine,https://miningdataonline.com/property/11/new-afton-mine.aspx,
BC-MAIN-b031959a,Turnagain,,,CMP-11a5a1f5,Hard Creek Nickel Corp,,British Columbia,project_facility,Active,Advanced project,project,,,"Nickel, cobalt, platinum, palladium",,,,,,,
BC-MAIN-b1fe389a,Eskay Creek,,,CMP-aaf7bd8a,Skeena Resources Limited,,British Columbia,project_facility,Active,Advanced project,project,,,"Gold, Silver, copper, lead, zinc",,,,,,,
BC-MAIN-b4655afb,Galore Creek,,,CMP-4a434d72,Newmont Corporation,,British Columbia,project_facility,Active,Advanced project,project,,,"Copper, gold, silver",Newmount Corporation (50%),,,https://www.gcmc.ca/,https://www.gcmc.ca/,,
BC-MAIN-b7591127,Iskut,,,CMP-ece75057,Seabridge Gold Inc,,British Columbia,project_facility,Active,Advanced project,project,,,"Gold, copper, silver, iron ore",,,,,,,
BC-MAIN-bf503b6b,Highland Valley,,,CMP-06e20c6e,Teck Resources Limited,Logan Lake,British Columbia,active_facility,,,mining,"Open-pit, concentrator",Base metals,"Copper, silver, molybdenum",,,,,,,
BC-MAIN-c5d1b42d,Berg,,,CMP-ec368e4c,"Surge Copper Corp., Centerra Gold Inc",,British Columbia,project_facility,Active,Advanced project,project,,,"Copper, Molybdenum, Gold, Silver",,,,,,,
BC-MAIN-c720b195,GJ,,,CMP-4a434d72,Newmont Corporation,,British Columbia,project_facility,Active,Advanced project,project,,,"Copper, gold, silver",Newmount Corporation (100%),,,,,,
BC-MAIN-c7247100,Driftwood Creek,,,CMP-e58d58d3,MGX Minerals Inc,,British Columbia,project_facility,Active,Advanced project,project,,,Magnesium,,,,,,,
BC-MAIN-e1641dfb,Decar,,,CMP-24e65547,FPX Nickel Corp,,British Columbia,project_facility,Active,Advanced project,project,,,"Nickel, cobalt",,,,,,,
BC-MAIN-e34feb4d,Kemess,,,CMP-fa032e20,Centerra Gold Inc,,British Columbia,project_facility,Active,Advanced project,project,,,"Copper, gold, silver",,,,https://www.centerragold.com/,,,
BC-MAIN-eb47f7c7,Kitimat,,,CMP-7a096012,Rio Tinto,,British Columbia,active_facility,,,manufacturing,Smelter,Aluminum,Aluminum (pure or alloyed),Rio Tinto (100%),,,https://www.riotinto.com/en/can,https://www.riotinto.com/en/operations/canada/saguenay,-,
BC-MAIN-eba3e309,Golden Crown,,,CMP-336d5ebc,-,,British Columbia,project_facility,Active,Advanced project,project,,,"Gold, copper",,,,,,,
BC-MAIN-ed23117f,Mount Milligan,,,CMP-fa032e20,Centerra Gold Inc,Fort St. James,British Columbia,active_facility,,,mining,"Open-pit, concentrator",Base metals and precious metals,"Copper, gold, silver",Centerra Gold Inc (100%),Thompson Creek Metals Company Inc,2014–open,https://www.centerragold.com/,https://www.centerragold.com/operations/mount-milligan/,https://miningdataonline.com/property/59/Mount-Milligan-Mine.aspx,
BC-MAIN-efff21d3,Deer Horn,,,CMP-45e36495,First Tellurium Corp,,British Columbia,project_facility,Active,Advanced project,project,,,"Gold, silver, tellurium, copper, zinc, lead",,,,,,,
BC-MAIN-feb13c30,Record Ridge,,,CMP-1023f9c0,West High Yield Resources Ltd,,British Columbia,project_facility,Active,Advanced project,project,,,Magnesium,,,,,,,
MB-MAIN-0898e255,Stall Lake,GRP-a13779f8,Snow Lake,CMP-12afc634,Hudbay Minerals Inc,Snow Lake,Manitoba,active_facility,,,mining,Concentrator,Base metals and precious metals,"Gold, zinc",Hudbay Minerals Inc (100%),,,https://hudbayminerals.com/canada/default.aspx,-,https://miningdataonline.com/property/563/Manitoba-Snow-Lake-Operation.aspx,
MB-MAIN-0d5c2cae,Selkirk Division,,,CMP-a70130b4,Gerdau,,Manitoba,active_facility,,,manufacturing,,,,,,,https://www2.gerdau.com/,https://www2.gerdau.com/sites/gln_gerdau/files/downloadable_files/epd_gerdau_whitby_rebar.pdf,-,
MB-MAIN-1a82a1b7,Tower,,,CMP-12afc634,Hudbay Minerals Inc,,Manitoba,project_facility,Active,Advanced project,project,,,"Gold, zinc, copper, silver",,,,https://hudbayminerals.com/canada/default.aspx,-,,
MB-MAIN-27a90834,Makwa Mayville,,,CMP-0b224204,Grid Metals Corp,,Manitoba,project_facility,Active,Advanced project,project,,,"Nickel, copper, gold, platinum, palladium, cobalt",,,,,,,
MB-MAIN-5d21dbd5,Monument Bay,,,CMP-6265c407,Agnico Eagle Mines Limited,,Manitoba,project_facility,Active,Advanced project,project,,,"Gold, tungsten",,,,https://agnicoeagle.com/Home/default.aspx,https://www.agnicoeagle.com/English/operations/operations/laronde/default.aspx,https://www.agnicoeagle.com/English/exploration/exploration-projects/Upper-Beaver/default.aspx,
MB-MAIN-6fca9d6d,Lynn Lake,,,CMP-3a4ccc7f,Alamos Gold Inc,,Manitoba,project_facility,Active,Advanced project,project,,,"Nickel, copper, cobalt",,,,https://corazon.com.au/,https://corazon.com.au/our-projects/lynn-lake-project/,https://miningdataonline.com/property/3240/Lynn-Lake-Project.aspx,
MB-MAIN-854abe09,Talbot,,,CMP-12afc634,Hudbay Minerals Inc,,Manitoba,project_facility,Active,Advanced project,project,,,"Gold, zinc, copper, silver",,,,https://hudbayminerals.com/canada/default.aspx,-,,
MB-MAIN-915d9faa,Tanco,,,CMP-70e504c2,Sinomine Resource Grp Co. Ltd,Lac-du-Bonnet,Manitoba,active_facility,,,mining,"Underground, concentrator, plant",Base metals,"Cesium, lithium",Sinomine Resource Group Co Ltd (100%),Tantalum Mining Corporation of Canada Ltd,,https://tancomine.com/,https://tancomine.com/,https://miningdataonline.com/property/977/Tanco-Bernic-Lake-Mine.aspx,
MB-MAIN-a832fb0a,East Wekusko - Snow Lake,,,CMP-4fab35da,Kinross Gold Corporation,,Manitoba,project_facility,Active,Advanced project,project,,,"Gold, silver, copper, zinc",,,,,,,
MB-MAIN-b4ca1426,Manitoba Mill,,,CMP-a70130b4,Gerdau,,Manitoba,active_facility,,,manufacturing,Electric arc furnace,Iron ore,Steel,Gerdau SA (98.2%),Gerdau,,https://www2.gerdau.com/,https://www.gem.wiki/Gerdau_Whitby_Steel_Mill,https://www.gem.wiki/Gerdau_Whitby_Steel_Mill,
MB-MAIN-b5b81ee3,Wim,,,CMP-12afc634,Hudbay Minerals Inc,,Manitoba,project_facility,Active,Advanced project,project,,,"Gold, zinc, copper, silver",,,,https://hudbayminerals.com/canada/default.aspx,-,,
MB-MAIN-be5b3dc8,Lalor Lake,GRP-a13779f8,Snow Lake,CMP-12afc634,Hudbay Minerals Inc,Snow Lake,Manitoba,active_facility,,,mining,Underground,Base metals and precious metals,"Gold, zinc, copper, silver",Hudbay Minerals Inc (100%),,2013–open,https://hudbayminerals.com/canada/default.aspx,-,https://miningdataonline.com/property/563/Manitoba-Snow-Lake-Operation.aspx,
MB-MAIN-c0684566,Rail,,,CMP-12afc634,Hudbay Minerals Inc,,Manitoba,project_facility,Active,Advanced project,project,,,"Copper, gold, zinc, silver",,,,https://hudbayminerals.com/canada/default.aspx,-,,
MB-MAIN-da0b5c3d,New Britannia,GRP-a13779f8,Snow Lake,CMP-12afc634,Hudbay Minerals Inc,Snow Lake,Manitoba,active_facility,,,mining,Concentrator,Base metals and precious metals,"Gold, copper",Hudbay Minerals Inc (100%),,,https://hudbayminerals.com/canada/default.aspx,-,https://miningdataonline.com/property/563/Manitoba-Snow-Lake-Operation.aspx,
MB-MAIN-e0a6250e,Thompson (T-1 and T-3),,,CMP-9617aef4,Vale,Thompson,Manitoba,active_facility,,,mining,"Open-pit, underground, concentrator",Base metals,"Nickel, cobalt, copper, platinum group metals, gold, silver",,,,https://vale.com/canada,https://vale.com/port-colborne,-,
MB-MAIN-e2e67f8f,1901,,,CMP-12afc634,Hudbay Minerals Inc,,Manitoba,project_facility,Active,Advanced project,project,,,"Gold, zinc, copper, silver",,,,https://hudbayminerals.com/canada/default.aspx,-,https://miningdataonline.com/property/563/Manitoba-Snow-Lake-Operation.aspx,
MB-MAIN-f7fde5b4,Minago,,,CMP-56a7f77c,Flying Nickel Mining Corp,,Manitoba,project_facility,Active,Advanced project,project,,,Nickel,,,,,,,
NB-MAIN-0c5b40d8,Nash Creek,,,CMP-336d5ebc,-,,New Brunswick,project_facility,Active,Advanced project,project,,,"Zinc, lead, silver",,,,,,,
NB-MAIN-3e7d42ac,Woodstock,,,CMP-336d5ebc,-,,New Brunswick,project_facility,Active,Advanced project,project,,,"Manganese, iron ore",,,,,,,
NB-MAIN-8e04eb21,Murray Brook,,,CMP-336d5ebc,-,,New Brunswick,project_facility,Active,Advanced project,project,,,"Zinc, lead, silver, copper, gold",Cameco (100%),Cameco,,,,,
NB-MAIN-c1e4dee0,Battery Hill,,,CMP-8ee9b6db,Manganese X Energy Corp,,New Brunswick,project_facility,Active,Advanced project,project,,,"Manganese, iron ore",,,,,,,
NB-MAIN-f58cc895,Sisson,,,CMP-c2bf67a4,Northcliff Resources Ltd,,New Brunswick,project_facility,Active,Advanced project,project,,,"Tungsten, molybdenum",,,,,,,
NL-MAIN-18695c6d,Scully Mine - Manganese project,,,CMP-8a99044e,Tacora Resources Inc,,Newfoundland and Labrador,project_facility,Active,Advanced unconventional project,project,,,Manganese,,,,https://tacoraresources.com/,,,
NL-MAIN-251d6364,Beaver Brook,,,CMP-336d5ebc,-,Glenwood,Newfoundland and Labrador,active_facility,,,mining,"Underground, concentrator",Other metals,Antimony,No data found. Could be suspended.,No data found. Could be suspended.,,x,x,x,
NL-MAIN-2d8801d6,Voisey’s Bay,,,CMP-9617aef4,Vale,Voisey’s Bay,Newfoundland and Labrador,active_facility,,,mining,"Open-pit, underground, concentrator",Base metals,"Nickel, copper, cobalt",,,2005–open,https://vale.com/canada,https://vale.com/long-harbour,-,
NL-MAIN-842ba1b4,Nugget Pond,,,CMP-24a4f1d5,FireFly Metals Ltd,Snook’s Arm,Newfoundland and Labrador,active_facility,,,mining,Concentrator,Base metals,Copper,FireFly Metals Ltd (100%),FireFly Metals Ltd,,https://fireflymetals.com.au,https://fireflymetals.com.au/nugget-pond-processing-plant/,,
NL-MAIN-895cb178,Buchans River,,,CMP-336d5ebc,-,,Newfoundland and Labrador,project_facility,Active,Advanced project,project,,,"Zinc, lead, copper, silver, gold",,,,,,,
NL-MAIN-a498ddc6,Michelin,,,CMP-a68d12ce,Paladin Energy Limited,,Newfoundland and Labrador,project_facility,Active,Advanced project,project,,,Uranium,,,,,,,
NL-MAIN-b64bae7a,Scully,,,CMP-8a99044e,Tacora Resources Inc,Wabush,Newfoundland and Labrador,active_facility,,,mining,"Open-pit, concentrator",Iron ore,Iron,Tacora Resources Inc (100%),,,https://tacoraresources.com/,https://www.gem.wiki/Tacora_Resources_Scully_Mine,https://miningdataonline.com/property/4651/Scully-Mine.aspx,
NL-MAIN-bb23d8a6,Great Burnt Lake,,,CMP-b15b2ada,Spruce Ridge Resources Limited,,Newfoundland and Labrador,project_facility,Active,Advanced project,project,,,"Copper, gold",,,,,,,
NL-MAIN-c139de6d,Ming,,,CMP-24a4f1d5,FireFly Metals Ltd,Baie Verte,Newfoundland and Labrador,active_facility,,,mining,Underground,Base metals,"Copper, gold, silver",FireFly Metals Ltd (100%),FireFly Metals Ltd,,https://fireflymetals.com.au,https://fireflymetals.com.au/ming-underground-mine/,https://miningdataonline.com/property/960/Ming-Mine.aspx,
NL-MAIN-d9036091,Long Harbour,,,CMP-9617aef4,Vale,,Newfoundland and Labrador,active_facility,,,manufacturing,Refinery,Base metals,"Nickel, copper, cobalt","Vale (90%), Manara Minerals Investment Co (10%)",,,https://vale.com/canada,https://vale.com/voisey-s-bay,https://miningdataonline.com/property/417/Voiseys-Bay-Mine.aspx,
NL-MAIN-dd723db4,Carol Lake,,,CMP-2da4630a,Iron Ore Company of Canada Inc,Labrador City,Newfoundland and Labrador,active_facility,,,mining,"Open-pit, concentrator",Iron ore,Iron,"Rio Tinto (58.7%), Mitsubishi Corporation (26.2%) and Labrador Iron Ore Royalty Corporation (15.1%)",,,https://www.ironore.ca/en,https://www.riotinto.com/en/operations/canada/iron-ore-company-canada,https://miningdataonline.com/property/23/Carol-Lake-Mine.aspx,
NL-MAIN-e09881ff,DSO (3 and 4),GRP-2a663492,DSO,CMP-31bb0d19,Tata Steel Minerals Canada Limited,Menihek,Newfoundland and Labrador,active_facility,,,mining,Open-pit,Iron ore,Iron,"Tata Steel Limited (80%), New Millennium Iron Corporation (20%) through Tata Steel Minerals Canada (TSMC) joint venture",,,https://www.tatasteel.com/investors/annual-report-2014-15/html/tata-steel-minerals-canada.html,-,https://miningdataonline.com/property/941/Howse-Project.aspx,
NL-MAIN-f021107e,Point Rousse,,,CMP-858cc590,Maritime Resources Corp,Baie Verte,Newfoundland and Labrador,active_facility,,,mining,"Open-pit, concentrator",Precious metals,Gold,Maritime Resources Corp (100%),,,https://maritimeresourcescorp.com/,https://maritimeresourcescorp.com/exploration/point-rousse-project/,https://miningdataonline.com/property/454/Eagle-Mine-Operation.aspx,
NS-MAIN-c9c77a59,Moose River Consolidated,,,CMP-0356d5ce,St Barbara Limited,Upper Musquodoboit,Nova Scotia,active_facility,,,mining,"Open-pit, concentrator",Precious metals,Gold,St Barbara Limited (100%),,2017–open,https://stbarbara.com.au/,https://stbarbara.com.au/our-operations/our-atlantic-operations/,https://miningdataonline.com/property/944/Atlantic-Operation.aspx,
NT-MAIN-0ec39ce0,Diavik,,,CMP-7a096012,Rio Tinto,Lac de Gras,Northwest Territories,active_facility,,,mining,"Underground, plant",Diamonds,Diamonds,Rio Tinto (100%),,,https://www.riotinto.com/en/can,https://www.riotinto.com/en/operations/canada/rio-tinto-fer-et-titane,https://miningdataonline.com/property/955/Lac-Tio-(Havre-St-Pierre)-Mine.aspx,
NT-MAIN-4f11f183,Nechalacho - Basal Zone,,,CMP-9d03c9d4,Avalon Advanced Materials Inc,,Northwest Territories,project_facility,Active,Advanced project,project,,,"Rare earth elements, niobium, tantalum, zirconium",,,,https://avalonadvancedmaterials.com/,,,
NT-MAIN-6c1d6ee6,Ekati,,,CMP-caa580a0,Burgundy Diamond Mines,Lac de Gras,Northwest Territories,active_facility,,,mining,"Underground, plant",Diamonds,Diamonds,Burgundy Diamond Mines (100%),Burgundy Diamond Mines (100%),,"
https://burgundydiamonds.com/","
https://burgundydiamonds.com/ekati-mine/",https://miningdataonline.com/property/17/Ekati-Mine.aspx,
NT-MAIN-94e652a5,Gahcho Kué,,,CMP-d899f7d7,De Beers Canada Inc,Lac de Gras,Northwest Territories,active_facility,,,mining,"Open-pit, plant",Diamonds,Diamonds,"De Beers Group (51%), Mountain Province Diamonds (49%)",De Beers Group,2017–open,https://www.debeersgroup.com/,https://www.debeersgroup.com/about-us/our-operations/our-mines/canada,https://miningdataonline.com/property/40/Gahcho-Ku%C3%A9-Mine.aspx,
NT-MAIN-b1b28b01,Nechalacho - T-Zone & Tardiff Zone,,,CMP-15da9130,Vital Metals Inc,,Northwest Territories,project_facility,Active,Advanced project,project,,,Rare earth elements,,,,,,,
NT-MAIN-b3681e03,Prairie Creek,,,CMP-ef31182b,NorZinc Ltd,,Northwest Territories,project_facility,Active,Advanced project,project,,,"Zinc, lead, silver",,,,,,,
NT-MAIN-b7cdf82c,NICO,,,CMP-7d4b0f2b,Fortune Minerals Limited,,Northwest Territories,project_facility,Active,Advanced project,project,,,"Cobalt, gold, bismuth, copper",,,,,,,
NT-MAIN-b99d4cb2,Pine Point,,,CMP-af17f2a6,Osisko Metals Inc,,Northwest Territories,project_facility,Active,Advanced project,project,,,"Zinc, lead",,,,,,,
NU-MAIN-1ef8af2c,Izok Lake,,,CMP-c2d632d1,MMG Limited,,Nunavut,project_facility,Active,Advanced project,project,,,"Zinc, copper, silver, lead, gold",,,,,,,
NU-MAIN-4ea8ac9d,Amaruq,GRP-0a2c0d69,Meadowbank complex,CMP-6265c407,Agnico Eagle Mines Limited,Baker Lake,Nunavut,active_facility,,,mining,"Open-pit, underground",Precious metals,Gold,Agnico Eagle Mines Limited (100%),Agnico Eagle Mines Limited,2019–open,https://agnicoeagle.com/Home/default.aspx,https://www.agnicoeagle.com/English/operations/operations/laronde/default.aspx,https://miningdataonline.com/property/46/LaRonde-Mine.aspx,
NU-MAIN-5154702a,Mary River,,,CMP-336d5ebc,-,Pond Inlet,Nunavut,active_facility,,,mining,Open-pit,Iron ore,Iron,"Arcelor Mittal (25.23%), The Energy & Materials Group (74.77%)",Baffinland Iron Mines Corporation,,https://www.baffinland.com/,https://www.baffinland.com/operation/mary-river-mine/,https://miningdataonline.com/property/57/Mary-River-Mine.aspx,
NU-MAIN-730aefe3,Meadowbank,GRP-0a2c0d69,Meadowbank complex,CMP-6265c407,Agnico Eagle Mines Limited,Baker Lake,Nunavut,active_facility,,,mining,Concentrator,Precious metals,Gold,Agnico Eagle Mines Limited (100%),Agnico Eagle Mines Limited,2010–open,https://agnicoeagle.com/Home/default.aspx,https://www.agnicoeagle.com/English/operations/operations/Macassa-Mine/default.aspx,https://miningdataonline.com/property/453/Macassa-Complex.aspx,
NU-MAIN-8b0264c9,Meliadine,,,CMP-6265c407,Agnico Eagle Mines Limited,Rankin Inlet,Nunavut,active_facility,,,mining,"Open-pit, underground, concentrator",Precious metals,Gold,Agnico Eagle Mines Limited (100%),Agnico Eagle Mines Limited,2019–open,https://agnicoeagle.com/Home/default.aspx,https://www.agnicoeagle.com/English/operations/operations/goldex/default.aspx,https://miningdataonline.com/property/44/Goldex-Mine.aspx,
NU-MAIN-8e62bfbc,High Lake,,,CMP-c2d632d1,MMG Limited,,Nunavut,project_facility,Active,Advanced project,project,,,"Copper, zinc, gold, silver, lead",,,,,,,
NU-MAIN-eae1621e,Ferguson Lake,,,CMP-336d5ebc,-,,Nunavut,project_facility,Active,Advanced project,project,,,"Nickel, copper, palladium, platinum, cobalt",,,,,,,
ON-MAIN-020a683c,Hamilton Works,,,CMP-75ff8886,Stelco Inc,,Ontario,active_facility,,,manufacturing,Basic oxygen furnace,Iron ore,Steel,,,,https://www.stelco.com/,https://www.stelco.com/about-us/our-facilities,-,
ON-MAIN-0aadf28f,Rainy River,,,CMP-d94be190,New Gold Inc,Fort Frances,Ontario,active_facility,,,mining,"Open-pit, underground, concentrator",Precious metals,"Gold, silver",New Gold Inc (100%),,2017–open,https://newgold.com/home/default.aspx,https://newgold.com/assets/#rainy-river-mine,https://miningdataonline.com/property/69/Rainy-River-Mine.aspx,
ON-MAIN-12c68d49,Eagle's Nest,,,CMP-65b36728,Wyloo,,Ontario,project_facility,Active,Advanced project,project,,,"Nickel, copper, gold, platinum, palladium",,,,,,,
ON-MAIN-1aa10efa,Kenbridge,,,CMP-b4041a5e,Tartisan Nickel Corp,,Ontario,project_facility,Active,Advanced project,project,,,"Nickel, copper, cobalt",,,,,,,
ON-MAIN-1c674cd0,Borden,GRP-0d911886,Porcupine complex,CMP-4a434d72,Newmont Corporation,Chapleau,Ontario,active_facility,,,mining,"Open-pit, underground",Precious metals,Gold,Discovery Silver Corp (100%),,2019–open,https://www.newmont.com/home/default.aspx,https://operations.newmont.com/north-america/porcupine-canada,https://miningdataonline.com/property/66/Porcupine-Operation.aspx,
ON-MAIN-1f126a43,Macassa,,,CMP-6265c407,Agnico Eagle Mines Limited,Kirkland Lake area,Ontario,active_facility,,,mining,"Underground, concentrator",Precious metals,"Gold, silver",Agnico Eagle Mines Limited (100%),Canadian Malartic Corporation,1933–1999; 2002–open,https://agnicoeagle.com/Home/default.aspx,https://malartic.agnicoeagle.com/en/,https://miningdataonline.com/property/20/Canadian-Malartic-Complex.aspx,
ON-MAIN-206041d1,Fraser,GRP-de097f20,Integrated Nickel Operations,CMP-d5f1c66b,Glencore,Sudbury,Ontario,active_facility,,,mining,Underground,Base metals,"Nickel, copper, platinum group metals, gold, cobalt, silver",Glencore (100%),Glencore Canada Corporation,1962–1991; 2007–2009; 2010–open,https://www.glencore.ca/en,https://www.glencore.ca/en/sudburyino/,https://miningdataonline.com/property/1375/Sudbury-INO-Operation.aspx,
ON-MAIN-21b6ab35,Whitby Mill,,,CMP-a70130b4,Gerdau,,Ontario,active_facility,,,manufacturing,Electric arc furnace,Iron ore,Steel,,,,https://www2.gerdau.com/,-,-,
ON-MAIN-237587f6,Port Hope,,,CMP-cadb529a,Cameco Corporation,,Ontario,active_facility,,,manufacturing,Conversion facility,Uranium,"Uranium (hexafluoride, dioxide, metals, alloys)",,,,https://www.cameco.com/,https://www.cameco.com/businesses/fuel-services/refining-blind-river,-,
ON-MAIN-28f3f0fc,Totten,GRP-dc07540b,Sudbury Operation,CMP-9617aef4,Vale,Worthington,Ontario,active_facility,,,mining,Underground,Base metals,"Nickel, copper, platinum group metals, gold, silver, cobalt","Vale (90%), Manara Minerals Investment Co (10%)",,2014–open,https://vale.com/canada,https://vale.com/sudbury,https://miningdataonline.com/property/1485/Sudbury-Mine.aspx,
ON-MAIN-2bb07cd3,River Valley,,,CMP-d877abda,New Age Metals Inc,,Ontario,project_facility,Active,Advanced project,project,,,"Palladium, platinum, gold, nickel, copper, rhodium, cobalt",,,,,,,
ON-MAIN-2e13aaa0,Port Colborne,,,CMP-9617aef4,Vale,,Ontario,active_facility,,,manufacturing,Refinery,Base metals,"Electrolytic cobalt, platinum group metals (in residues), copper oxide","Vale (90%), Manara Minerals Investment Co (10%)",,,https://vale.com/canada,https://vale.com/thompson,https://miningdataonline.com/property/1377/Thompson-Mine.aspx,
ON-MAIN-319e04a8,Onaping Depth,,,CMP-d5f1c66b,Glencore,,Ontario,project_facility,Active,Advanced project,project,,,"Nickel, copper, cobalt, platinum, palladium, rhodium, gold, silver",Glencore (100%),Glencore Canada Corporation,,,,-,
ON-MAIN-37e9571e,Thierry,,,CMP-336d5ebc,-,,Ontario,project_facility,Active,Advanced project,project,,,"Copper, nickel, silver, gold, platinum, palladium",,,,,,,
ON-MAIN-387b06fe,Welland Mill,,,CMP-a72e0313,Valbruna ASW Inc,,Ontario,active_facility,,,manufacturing,Electric arc furnace,Iron ore,Steel,,,,https://www.valbrunaasw.ca/,https://www.valbruna-stainless-steel.com/,-,
ON-MAIN-3b3e5365,Porcupine,,,CMP-4a434d72,Newmont Corporation,Timmins,Ontario,active_facility,,,mining,Concentrator,Precious metals,Gold,Discovery Silver Corp (100%),,,https://www.newmont.com/home/default.aspx,https://operations.newmont.com/north-america/porcupine-canada,https://miningdataonline.com/property/420/Hollinger-Mine.aspx,
ON-MAIN-3c468faa,Superior Lake,,,CMP-888a49ae,Waroona Energy Inc,,Ontario,project_facility,Active,Advanced project,project,,,"Zinc, copper, gold, silver",,,,,,,
ON-MAIN-40ce0593,Sudbury,GRP-de097f20,Integrated Nickel Operations,CMP-d5f1c66b,Glencore,,Ontario,active_facility,,,manufacturing,"Smelter, plant",Base metals,"Nickel-copper matte containing cobalt, gold, silver, platinum group metals",Glencore (100%),Glencore Canada Corporation,,https://www.glencore.ca/en,https://www.glencore.ca/en/sudburyino/,https://miningdataonline.com/property/1375/Sudbury-INO-Operation.aspx,
ON-MAIN-46f71d5b,Separation Rapids,,,CMP-9d03c9d4,Avalon Advanced Materials Inc,,Ontario,project_facility,Active,Advanced project,project,,,Lithium (spodumene),,,,https://avalonadvancedmaterials.com/,,,
ON-MAIN-470b504b,Ottawa Plant,,,CMP-e585d982,Masterloy Products Limited,,Ontario,active_facility,,,manufacturing,,Ferroalloys,"Vanadium, molybdenum",Not found,Not found,,https://www.masterloy.com/,-,-,
ON-MAIN-484e4fa3,Blind River,,,CMP-cadb529a,Cameco Corporation,,Ontario,active_facility,,,manufacturing,Refinery,Uranium,Uranium (trioxide),"Cameco (83.33%), Orano (16.67%)",Cameco,,https://www.cameco.com/,https://www.cameco.com/businesses/fuel-services/conversion-port-hope,-,
ON-MAIN-48fe2205,Garson,GRP-dc07540b,Sudbury Operation,CMP-9617aef4,Vale,Sudbury,Ontario,active_facility,,,mining,Underground,Base metals,"Nickel, copper, platinum group metals, gold, silver, cobalt, selenium, tellurium",,,,https://vale.com/canada,https://vale.com/sudbury,https://miningdataonline.com/property/1485/Sudbury-Mine.aspx,
ON-MAIN-4a6187a4,RapidSX Demonstration Plant,,,CMP-cb00fbae,Ucore Rare Metals Inc,,Ontario,project_facility,Active,Demonstration plant,project,,,Rare earth elements,,,,,,,
ON-MAIN-4c35e094,ArcelorMittal Dofasco,,,CMP-3775c12e,ArcelorMittal,,Ontario,active_facility,,,manufacturing,"Basic oxygen furnace, electric arc furnace",Iron ore,Steel,,,,https://corporate.arcelormittal.com/,,-,
ON-MAIN-4c5c1179,Crawford,,,CMP-336d5ebc,-,,Ontario,project_facility,Active,Advanced project,project,,,"Nickel, iron ore, cobalt, palladium, platinum, chromite",Cameco (69.805%),Cameco,,,,,
ON-MAIN-4e0734b5,Fox Complex,,,CMP-3ff42329,McEwen Mining Inc,Matheson,Ontario,active_facility,,,mining,"Open-pit, underground, concentrator",Precious metals,Gold,McEwen Mining Inc (100%),,,https://mcewenmining.com/,https://mcewenmining.com/operations/black-fox-complex/default.aspx,https://miningdataonline.com/property/588/Fox-Complex.aspx,
ON-MAIN-52224e1e,Creighton,GRP-dc07540b,Sudbury Operation,CMP-9617aef4,Vale,Sudbury,Ontario,active_facility,,,mining,Underground,Base metals,"Nickel, copper, platinum group metals, gold, silver, cobalt, selenium, tellurium",,,,https://vale.com/canada,https://vale.com/sudbury,-,
ON-MAIN-538513cd,Hoyle Pond,GRP-0d911886,Porcupine complex,CMP-4a434d72,Newmont Corporation,south of Porcupine,Ontario,active_facility,,,mining,Underground,Precious metals,Gold,Dhilmar Ltd (100%),,,https://www.newmont.com/home/default.aspx,,https://miningdataonline.com/property/233/Eleonore-Mine.aspx,
ON-MAIN-54b7e152,Shakespeare,,,CMP-091fd609,Magna Mining Inc,,Ontario,project_facility,Active,Advanced project,project,,,"Nickel, copper, palladium, platinum, gold, cobalt",,,,,,,
ON-MAIN-575c5e66,Ontario Spoke,,,CMP-935cdfdd,Li-Cycle Corp,,Ontario,project_facility,Active,Battery recycling facility,project,,,Battery materials (black mass),,,,,,,
ON-MAIN-63b394c3,Copper Cliff Complex,GRP-dc07540b,Sudbury Operation,CMP-9617aef4,Vale,,Ontario,active_facility,,,manufacturing,"Smelter, refinery, plant",Base metals,"Nickel (oxide sinter, pellets, powder, sulfide), copper cathodes, gold, silver, selenium cake, tellurium dioxide cake, platinum group metals (in residues), liquid sulfur dioxide, sulfuric acid","Vale (90%), Manara Minerals Investment Co (10%)",,,https://vale.com/canada,,https://miningdataonline.com/property/626/Totten-Mine.aspx,
ON-MAIN-64bbe7e6,Marathon,,,CMP-628591a8,Generation Mining Limited,,Ontario,project_facility,Active,Advanced project,project,,,"Palladium, platinum, gold, copper, silver",,,,,,,
ON-MAIN-6664e89b,Battery Materials Park,,,CMP-4eadf926,Electra Battery Materials Corporation,,Ontario,project_facility,Active,Advanced processing project,project,,,"Cobalt, nickel, lithium",,,,,,,
ON-MAIN-687b8c8d,Island,,,CMP-3a4ccc7f,Alamos Gold Inc,Dubreuilville,Ontario,active_facility,,,mining,"Underground, concentrator",Precious metals,Gold,Alamos Gold Inc (100%),Alamos Gold Inc,2007–open,https://alamosgold.com,https://www.alamosgold.com/operations/producing-mines/young-davidson-canada/default.aspx,https://miningdataonline.com/property/1484/young-davidson-mine.aspx,
ON-MAIN-6b998583,Markham lithium reprocessing facility,,,CMP-e42fb633,Li-Metal Corp,,Ontario,project_facility,Active,Advanced processing project,project,,,Lithium metal,,,,,,,
ON-MAIN-6bd6cc80,Kingston Operation,,,CMP-7079599b,KIMCO Steel Sales Ltd,,Ontario,active_facility,,,manufacturing,,,,,,,https://kimcosteel.com/,-,-,
ON-MAIN-6e9b2449,Coleman,GRP-dc07540b,Sudbury Operation,CMP-9617aef4,Vale,Sudbury,Ontario,active_facility,,,mining,Underground,Base metals,"Nickel, copper, platinum group metals, gold, silver, cobalt, selenium, tellurium","Vale (90%), Manara Minerals Investment Co (10%)",,,https://vale.com/canada,https://vale.com/sudbury,https://miningdataonline.com/property/1485/Sudbury-Mine.aspx,
ON-MAIN-6e9be24e,Hemlo (Williams),,,CMP-84fc7d46,Baffinland Iron Mines Corporation,Marathon,Ontario,active_facility,,,mining,"Open-pit, underground, concentrator",Precious metals,Gold,Barrick Gold Corporation (100%),Barrick Gold Corporation,,https://www.barrick.com/English/home/default.aspx,https://www.barrick.com/English/operations/hemlo/default.aspx,"https://miningdataonline.com/property/49/Hemlo-Williams,-David-Bell-Mine.aspx",
ON-MAIN-7001a391,McCreedy West,,,CMP-5f083f16,KGHM,Sudbury,Ontario,active_facility,,,mining,Underground,Base metals and precious metals,"Copper, nickel, platinum group metals, gold, silver, cobalt",Magna Mining Inc (100%),,,https://kghm.com/en,https://magnamining.com/about/mccreedy-west-project/,"https://miningdataonline.com/property/173/McCreedy-West,--Morrison-Levack-Sudbury-Basin-Mine.aspx",
ON-MAIN-74997012,Upper Beaver,,,CMP-6265c407,Agnico Eagle Mines Limited,,Ontario,project_facility,Active,Advanced project,project,,,"Gold, copper",,,,https://agnicoeagle.com/Home/default.aspx,https://www.agnicoeagle.com/English/operations/operations/laronde/default.aspx,,
ON-MAIN-7607a50e,Young-Davidson,,,CMP-3a4ccc7f,Alamos Gold Inc,Matachewan,Ontario,active_facility,,,mining,"Underground, concentrator",Precious metals,Gold,Alamos Gold Inc (100%),Alamos Gold Inc,1917–1957; 2010–open,https://alamosgold.com,https://www.alamosgold.com/operations/producing-mines/island-gold-canada/default.aspx,https://miningdataonline.com/property/7/Island-Gold-Mine.aspx,
ON-MAIN-7f050560,Red Lake,,,CMP-ca642bce,Evolution Mining Ltd,Balmertown,Ontario,active_facility,,,mining,"Underground, concentrator",Precious metals,"Gold, silver",Eldora Gold (100%),Eldorado Gold,1949–open,https://evolutionmining.com.au/,https://evolutionmining.com.au/red-lake/,https://miningdataonline.com/property/234/Red-Lake-Operation.aspx,
ON-MAIN-8629a493,Hollinger,GRP-0d911886,Porcupine complex,CMP-4a434d72,Newmont Corporation,Timmins,Ontario,active_facility,,,mining,Open-pit,Precious metals,Gold,Newmount Corporation (100%),,,https://www.newmont.com/home/default.aspx,https://operations.newmont.com/north-america/porcupine-canada,https://miningdataonline.com/property/1439/Hoyle-Pond-Mine.aspx,
ON-MAIN-8825d90d,Magino,,,CMP-a6812c47,Argonaut Gold Inc,Timmins,Ontario,active_facility,,,mining,"Open-pit, concentrator",Precious metals,"Gold, silver",Alamos Gold Inc (100%),Alamos Gold Inc?,,https://alamosgold.com/,,https://miningdataonline.com/property/1752/Magino-Project.aspx,
ON-MAIN-8b86d975,Bissett Creek,,,CMP-79d7f4a0,Northern Graphite Corporation,,Ontario,project_facility,Active,Advanced project,project,,,Graphite,,,,,,,
ON-MAIN-92cdea80,Whitby Division,,,CMP-a70130b4,Gerdau,,Ontario,active_facility,,,manufacturing,,,,,,,https://www2.gerdau.com/,-,-,
ON-MAIN-97ee890f,Seymour Lake,,,CMP-cbd5b493,Green Technology Metals Limited,,Ontario,project_facility,Active,Advanced Project,project,,,Lithium (spodumene),,,,,,,
ON-MAIN-9a34108c,Victoria,,,CMP-5f083f16,KGHM,,Ontario,project_facility,Active,Advanced project,project,,,"Nickel, copper, gold, cobalt, platinum, palladium",Suspended/Inactive since 2023,,,https://kghm.com/en,,,
ON-MAIN-a3c56a83,Lac des Iles,,,CMP-967076a1,Impala Canada Ltd,Thunder Bay,Ontario,active_facility,,,mining,"Open-pit, underground, concentrator",Precious metals,"Platinum group metals, gold, nickel, copper, cobalt",Implats (100%),Impala Canada Ltd,,https://www.nap.com/home/default.aspx,https://www.nap.com/operations/default.aspx#operations,https://miningdataonline.com/property/55/Lac-des-Iles-Mine.aspx,
ON-MAIN-aeafbb59,Detour Lake,,,CMP-6265c407,Agnico Eagle Mines Limited,Northeast of Cochrane,Ontario,active_facility,,,mining,"Open-pit, concentrator",Precious metals,Gold,Agnico Eagle Mines Limited (100%),Agnico Eagle Mines Limited,1983–open,https://agnicoeagle.com/Home/default.aspx,https://www.agnicoeagle.com/English/operations/operations/meliadine/default.aspx,https://miningdataonline.com/property/959/Meliadine-Mine.aspx,
ON-MAIN-b1d981ca,Crean Hill,,,CMP-091fd609,Magna Mining Inc,,Ontario,project_facility,Active,Advanced project,project,,,"Nickel, copper, cobalt, platinum, palladium, gold",,,,,,,
ON-MAIN-b2e5c9bb,Lake Erie Works,,,CMP-75ff8886,Stelco Inc,,Ontario,active_facility,,,manufacturing,Basic oxygen furnace,Iron ore,Steel,,,,https://www.stelco.com/,https://www.stelco.com/about-us/our-facilities,-,
ON-MAIN-bddeaef0,Cambridge Mill,,,CMP-a70130b4,Gerdau,,Ontario,active_facility,,,manufacturing,Electric arc furnace,Iron ore,Steel,,,,https://www2.gerdau.com/,-,-,
ON-MAIN-be399420,Thunder Bay North,,,CMP-4b2ebf8a,Clean Air Metals Inc,,Ontario,project_facility,Active,Advanced project,project,,,"Platinum, palladium, gold, nickel, copper, silver, rhodium, cobalt",,,,,,,
ON-MAIN-bfbcd72e,Bell Creek,GRP-147b3123,Timmins Operation,CMP-48a36546,Pan American Silver Corp,Timmins,Ontario,active_facility,,,mining,"Underground, concentrator",Precious metals,Gold,Pan American Silver Corp (100%),,1987–1994; 2012–open,https://panamericansilver.com/,https://panamericansilver.com/operations-2/gold-segment/timmins/,https://miningdataonline.com/property/8/Bell-Creek-Mine.aspx,
ON-MAIN-c06904f0,Pakeagama,,,CMP-d089c70a,Frontier Lithium Inc,,Ontario,project_facility,Active,Advanced project,project,,,"Lithium (spodumene), tantalum, tin, niobium, rubidium, cesium",,,,,,,
ON-MAIN-c5fefb01,Mishi,,,CMP-3d2c4955,Wesdome Gold Mines Ltd,Wawa,Ontario,active_facility,,,mining,Open-pit,Precious metals,Gold,Wesdome Gold Mines Ltd (100%),,2002–open,https://www.wesdome.com/English/overview/default.aspx,https://www.wesdome.com/English/operations/kiena/default.aspx,https://miningdataonline.com/property/3048/Kiena-Mine.aspx,
ON-MAIN-cb85213a,Eagle River,,,CMP-3d2c4955,Wesdome Gold Mines Ltd,Wawa,Ontario,active_facility,,,mining,"Underground, concentrator",Precious metals,Gold,x,x,1983–open,https://www.wesdome.com/English/overview/default.aspx,x,https://miningdataonline.com/property/1238/Mishi-Mine.aspx,
ON-MAIN-d47616e5,Martison,,,CMP-a0c2f54b,Fox River Resources Corp,,Ontario,project_facility,Active,Advanced project,project,,,"Phosphate, niobium",,,,,,,
ON-MAIN-dca9cce7,Ottawa,,,CMP-9abface1,Royal Canadian Mint,,Ontario,active_facility,,,manufacturing,Refinery,Precious metals,"Gold, silver",,,,https://www.mint.ca/en,https://www.mint.ca/en/storage-and-refinery/refinery,-,
ON-MAIN-de2f9639,Clarabelle,GRP-dc07540b,Sudbury Operation,CMP-9617aef4,Vale,Sudbury,Ontario,active_facility,,,mining,Concentrator,Base metals,"Nickel, copper, platinum group metals, gold, silver, cobalt, selenium, tellurium","Vale (90%), Manara Minerals Investment Co (10%)",Vale,,https://vale.com/canada,https://vale.com/sudbury,https://miningdataonline.com/property/1485/Sudbury-Mine.aspx,
ON-MAIN-e928d96a,Brampton,,,CMP-c48042ef,Asahi Refining Canada Ltd,,Ontario,active_facility,,,manufacturing,Refinery,Precious metals,"Gold, silver",ARE Holdings Inc (100%),Asahi Refining Canada Ltd?,,https://www.asahirefining.com/,,-,
ON-MAIN-eab8c362,Algoma Steel,,,CMP-0f9c0b53,Algoma Steel Inc,,Ontario,active_facility,,,manufacturing,Basic oxygen furnace,Iron ore,Steel,Algoma Steel (100%)?,Algoma Steel?,,https://www.algoma.com/,https://www.gem.wiki/Algoma_steel_plant#cite_note-autoref_12-21,-,
ON-MAIN-ed85ac94,Strathcona,GRP-de097f20,Integrated Nickel Operations,CMP-d5f1c66b,Glencore,Sudbury,Ontario,active_facility,,,mining,Concentrator,Base metals,"Nickel, copper, platinum group metals, gold, silver, cobalt, selenium, tellurium",Glencore (100%),Glencore Canada Corporation,,https://www.glencore.ca/en,https://www.glencore.ca/en/sudburyino/,https://miningdataonline.com/property/1375/Sudbury-INO-Operation.aspx,
ON-MAIN-eda110b0,Georgia Lake,,,CMP-508b999b,Rock Tech Lithium Inc,,Ontario,project_facility,Active,Advanced project,project,,,Lithium (spodumene),,,,,,,
ON-MAIN-f080c409,Copper Cliff Complex,GRP-dc07540b,Sudbury Operation,CMP-9617aef4,Vale,Sudbury,Ontario,active_facility,,,mining,Underground,Base metals,"Nickel, copper, platinum group metals, gold, silver, cobalt, selenium, tellurium","Vale (90%), Manara Minerals Investment Co (10%)",,,https://vale.com/canada,https://vale.com/sudbury,https://miningdataonline.com/property/1485/Sudbury-Mine.aspx,
ON-MAIN-f3e6ff08,Timmins West,GRP-147b3123,Timmins Operation,CMP-48a36546,Pan American Silver Corp,Timmins,Ontario,active_facility,,,mining,Underground,Precious metals,Gold,Pan American Silver Corp (100%),,2011–open,https://panamericansilver.com/,https://panamericansilver.com/operations-2/gold-segment/timmins/,https://miningdataonline.com/property/9/Timmins-West-Mine.aspx,
ON-MAIN-f4fc3276,Sugar Zone,,,CMP-79f8bb59,Silver Lake Resources Ltd,White River,Ontario,active_facility,,,mining,"Underground, concentrator",Precious metals,Gold,Vault Minerals Ltd (100%),,2018–open,https://vaultminerals.com/,https://vaultminerals.com/operations/sugar-zone,https://miningdataonline.com/property/1741/Sugar-Zone-Mine.aspx,
ON-MAIN-f8313ebd,Kidd Creek,,,CMP-d5f1c66b,Glencore,Timmins,Ontario,active_facility,,,mining,"Underground, concentrator",Base metals,"Copper, zinc, silver, selenium, indium",Glencore (100%),Glencore Canada Corporation,1963–open,https://www.glencore.ca/en,https://www.glencore.ca/en/raglan/,https://miningdataonline.com/property/68/Raglan-Mine.aspx,
ON-MAIN-fc6f1a44,Ivaco Rolling Mills,,,CMP-a27e87a3,"Heico Companies, LLC",,Ontario,active_facility,,,manufacturing,Electric arc furnace,Iron ore,Steel,Heico Companies LLC (100%),,,https://heicocompanies.com/,https://www.ivacorm.com/,https://www.gem.wiki/Ivaco_Rolling_Mills_steel_plant,
ON-MAIN-fcb287a4,Nickel Rim South,GRP-de097f20,Integrated Nickel Operations,CMP-d5f1c66b,Glencore,Sudbury,Ontario,active_facility,,,mining,Underground,Base metals,"Nickel, copper, cobalt, platinum group metals, gold",Glencore (100%),Glencore Canada Corporation,,https://www.glencore.ca/en,https://www.glencore.ca/en/sudburyino/,https://miningdataonline.com/property/1375/Sudbury-INO-Operation.aspx,
ON-MAIN-fefeaee4,Musselwhite,,,CMP-4a434d72,Newmont Corporation,north of Pickle Lake,Ontario,active_facility,,,mining,"Underground, concentrator",Precious metals,"Gold, silver",Newmount Corporation (100%),,1997–open,https://www.newmont.com/home/default.aspx,,https://miningdataonline.com/property/72/Brucejack-Mine.aspx,
QC-MAIN-01c1e81f,Grande-Baie,GRP-677b5973,Saguenay–Lac-Saint-Jean Operations,CMP-7a096012,Rio Tinto,,Quebec,active_facility,,,manufacturing,Smelter,Aluminum,Aluminum (pure or alloyed),Rio Tinto (100%),,,https://www.riotinto.com/en/can,https://www.riotinto.com/en/operations/canada/saguenay,-,
QC-MAIN-02884fb5,Westwood-Doyon,,,CMP-3d0a95b7,IAMGOLD Corporation,Cadillac,Quebec,active_facility,,,mining,"Underground, concentrator",Precious metals,"Gold, silver",IAMGOLD Corporation (100%),IAMGOLD Corporation,,https://www.iamgold.com/English/home/default.aspx,https://www.iamgold.com/English/operations/westwood/default.aspx,https://miningdataonline.com/property/77/Westwood-Operation.aspx,
QC-MAIN-0414a373,Lithion St-Bruno,,,CMP-8e2791be,Lithion,,Quebec,project_facility,Active,Advanced processing project,project,,,Battery materials (black mass),,,,,,,
QC-MAIN-084bd95c,Mont-Wright,GRP-1402249f,AMMC,CMP-3775c12e,ArcelorMittal,Fermont,Quebec,active_facility,,,mining,"Open-pit, concentrator",Iron ore,Iron,"Arcelor Mittal SA (85%), POSCO International Corp (15%)",Arcelor Mittal,1976–open,https://mines-infrastructure-arcelormittal.com/en,https://northamerica.arcelormittal.com/our-operations/arcelormittal-mines-and-infrastructure-canada,https://miningdataonline.com/property/963/Fire-Lake-Mine.aspx,
QC-MAIN-089f3c60,Bloom Lake,,,CMP-c08ac7d7,Champion Iron Ltd,Fermont,Quebec,active_facility,,,mining,Open-pit,Iron ore,Iron,Champion Iron Ltd (100%),Quebec Iron Ore Inc,,https://www.championiron.com/,https://www.championiron.com/project/bloom-lake/,https://miningdataonline.com/property/3027/Bloom-Lake-Mine.aspx,
QC-MAIN-1186a6d0,Authier,,,CMP-9f967ad1,Sayona Québec inc,,Quebec,project_facility,Active,Advanced project,project,,,Lithium (spodumene),,,,,,,
QC-MAIN-11c40b1f,Lithium Demonstration Plant,GRP-25483238,RTFT Operations Quebec,CMP-7a096012,Rio Tinto,,Quebec,project_facility,Active,Advanced processing project,project,,,Lithium,,,,https://www.riotinto.com/en/can,https://www.riotinto.com/en/operations/canada/rio-tinto-fer-et-titane,-,
QC-MAIN-1d2f31f9,Kwyjibo,,,CMP-ebcf59de,SOQUEM (Investissement Québec),,Quebec,project_facility,Active,Advanced project,project,,,"Rare earth elements, phosphate, iron ore",,,,,,,
QC-MAIN-1eee4ace,Contrecœur East,GRP-7a9ba115,Contrecoeur,CMP-3775c12e,ArcelorMittal,,Quebec,active_facility,,,manufacturing,Electric arc furnace,Iron ore,Steel,,,,https://long-canada.arcelormittal.com/fr/,,-,
QC-MAIN-22426144,REE Recycling Facility (Saint-Bruno),,,CMP-567240f9,Geomega Resources Inc,,Quebec,project_facility,Active,Advanced unconventional project,project,,,Rare earth elements,,,,,,,
QC-MAIN-237d67c1,Lac Rainy Graphite,,,CMP-67e6bdcf,Metals Australia Ltd,,Quebec,project_facility,Active,Advanced project,project,,,Graphite,,,,,,,
QC-MAIN-2587e541,Strange Lake,,,CMP-9f678e49,Torngat Metals Ltd,,Quebec,project_facility,Active,Advanced project,project,,,"Rare earth elements, niobium",,,,,,,
QC-MAIN-288718a6,Crevier,,,CMP-1a36814f,Niobay Metals Inc,,Quebec,project_facility,Active,Advanced project,project,,,"Niobium, tantalum",,,,,,,
QC-MAIN-2cf66e65,Becancour Plant,,,CMP-6f1454e8,Euro Manganese Inc,,Quebec,project_facility,Active,Advanced processing project,project,,,Manganese sulphate,,,,,,,
QC-MAIN-3032c251,Renard,,,CMP-4566abf1,Stornoway Diamonds Corporation,Mistissini,Quebec,active_facility,,,mining,"Open-pit, underground, concentrator",Diamonds,Diamonds,Stornoway Diamonds Corporation (100%),,2016–open,https://stornowaydiamonds.com/English/home/default.html,https://stornowaydiamonds.com/English/our-business/renard-mine/default.html,https://miningdataonline.com/property/968/Renard-Mine.aspx,
QC-MAIN-30c1828c,Horne,GRP-b48ec279,CCR,CMP-d5f1c66b,Glencore,,Quebec,active_facility,,,manufacturing,Smelter,Base metals,"Copper anodes, precious metals, sulfuric acid",Glencore (100%),Glencore Canada Corporation,,https://www.glencore.ca/en,https://www.glencore.ca/en/horne/,-,
QC-MAIN-3330383b,Eldor (Ashram),,,CMP-b57b14b5,Commerce Resources Corp,,Quebec,project_facility,Active,Advanced project,project,,,Rare earth elements,,,,,,,
QC-MAIN-33c09b8b,Fire Lake,GRP-1402249f,AMMC,CMP-3775c12e,ArcelorMittal,Fermont,Quebec,active_facility,,,mining,Open-pit,Iron ore,Iron,"Arcelor Mittal SA (85%), POSCO International Corp (15%)",Arcelor Mittal,,https://mines-infrastructure-arcelormittal.com/en,https://northamerica.arcelormittal.com/our-operations/arcelormittal-mines-and-infrastructure-canada,https://miningdataonline.com/property/962/Mont-Wright-Mine.aspx,
QC-MAIN-3aa117d8,Alma,GRP-677b5973,Saguenay–Lac-Saint-Jean Operations,CMP-7a096012,Rio Tinto,,Quebec,active_facility,,,manufacturing,Smelter,Aluminum,Aluminum (pure or alloyed),Rio Tinto (100%),,,https://www.riotinto.com/en/can,https://www.riotinto.com/en/operations/canada/saguenay,-,
QC-MAIN-3e146840,Rio Tinto Iron and Titanium,GRP-25483238,RTFT Operations Quebec,CMP-7a096012,Rio Tinto,,Quebec,active_facility,,,manufacturing,Electric arc furnace,Iron ore,"Steel, titanium dioxide, scandium",Rio Tinto (100%),,,https://www.riotinto.com/en/can,https://www.riotinto.com/en/operations/canada/rio-tinto-fer-et-titane,,
QC-MAIN-529c96b4,CCR,GRP-b48ec279,CCR,CMP-d5f1c66b,Glencore,,Quebec,active_facility,,,manufacturing,Refinery,Base metals,"Copper (cathodes), gold, silver, tellurium, selenium, nickel sulfate, copper sulfate, platinum group metals",Glencore (100%),Glencore Canada Corporation,,https://www.glencore.ca/en,https://www.cezinc.com/en,-,
QC-MAIN-52c01ae4,Baie-Comeau,,,CMP-140e111b,Alcoa Corporation,,Quebec,active_facility,,,manufacturing,Smelter,Aluminum,Aluminum (pure or alloyed),Alcoa Corporation (100%),Alcoa Corporation,,https://www.alcoa.com/global/en/home/,https://fr-ca.alcoa.com/canada/fr/factories,-,
QC-MAIN-5398dfac,Elkem Chicoutimi,,,CMP-89ae3b2b,Elkem Metal Canada Inc,,Quebec,active_facility,,,manufacturing,,Ferroalloys,Ferrosilicon,,,,https://www.elkem.com/,https://www.elkem.com/about-elkem/worldwide-presence/canada/elkem-chicoutimi/,-,
QC-MAIN-5801b453,Abcourt-Barvue,,,CMP-0a6a3062,Abcourt Mines Inc,,Quebec,project_facility,Active,Advanced project,project,,,"Zinc, silver",,,,,,,
QC-MAIN-586679b9,Crater Lake,,,CMP-da2ad075,Imperial Mining Group,,Quebec,project_facility,Active,Advanced project,project,,,"Scandium, rare earth elements",,,,,,,
QC-MAIN-5ce331b8,Nunavik Nickel,,,CMP-d87d1101,Canadian Royalties Inc,Kangiqsujuaq,Quebec,active_facility,,,mining,"Open-pit, underground, concentrator",Base metals,"Nickel, copper, platinum group metals, cobalt",Jin Horoc Nonferrous Metal Group (100%),Canadian Royalties Inc,,https://www.canadianroyalties.com/,-,https://miningdataonline.com/property/1603/Nunavik-Nickel-Mine.aspx,
QC-MAIN-615ebdb4,Lac Guéret (Uatnan),,,CMP-78394a5d,"Mason Graphite Inc. and Nouveau Monde Graphite, Inc",,Quebec,project_facility,Active,Advanced project,project,,,Graphite,,,,,,,
QC-MAIN-64595b02,Blackrock Pyrometallurgical Facility,,,CMP-408ea322,Strategic Resources Inc,,Quebec,project_facility,Active,Advanced processing project,project,,,"Iron ore, vanadium, titanium",,,,,,,
QC-MAIN-649d2873,Niobec Converter,,,CMP-9abb4c27,Magris Performance Materials,,Quebec,active_facility,,,manufacturing,,Ferroalloys,Ferroniobium,Magris Resources Inc (100%),Niobec Inc,1976–open,https://www.magrispm.com/,https://www.magrispm.com/niobec,https://miningdataonline.com/property/12/Niobec-Mine.aspx,
QC-MAIN-69bb36c1,Caber Complex,,,CMP-b3eef94f,Nuvau Minerals Corp,,Quebec,project_facility,Active,Advanced project,project,,,"Zinc, copper, silver, gold",,,,,,,
QC-MAIN-6a26086e,Sorel Forge,,,CMP-d871d3db,Swiss Steel Holding AG,,Quebec,active_facility,,,manufacturing,Electric arc furnace,Iron ore,Steel,Swiss Steel Holding AG (100%),,,https://swisssteel-group.com/en,http://www.sorelforge.com/,-,
QC-MAIN-6dc537e6,Éléonore,,,CMP-4a434d72,Newmont Corporation,Opinaca Reservoir,Quebec,active_facility,,,mining,"Underground, concentrator",Precious metals,Gold,Discovery Silver Corp (100%),,2015–open,https://www.newmont.com/home/default.aspx,https://operations.newmont.com/north-america/porcupine-canada,https://miningdataonline.com/property/1731/Borden-Mine.aspx,
QC-MAIN-715d4318,Horizon,,,CMP-94ee10f6,CVW CleanTech Inc,,Alberta,project_facility,Active,Advanced unconventional project,project,,,"Zircon, titanium, rare earth elements",,,,,,,
QC-MAIN-7b3b4c8b,Scandium Demonstration Plant,GRP-25483238,RTFT Operations Quebec,CMP-7a096012,Rio Tinto,,Quebec,project_facility,Active,Advanced unconventional project,project,,,Scandium,,,,https://www.riotinto.com/en/can,https://www.riotinto.com/en/operations/canada/rio-tinto-fer-et-titane,,
QC-MAIN-81a288d0,Elysis,,,CMP-dc21de8a,Alcoa Corporation / Rio Tinto,,Quebec,project_facility,Active,Advanced processing project,project,,,Aluminum,,,,,,,
QC-MAIN-844dcc47,Contrecœur West,GRP-7a9ba115,Contrecoeur,CMP-3775c12e,ArcelorMittal,,Quebec,active_facility,,,manufacturing,Electric arc furnace,Iron ore,Steel,,,,https://long-canada.arcelormittal.com/fr/,,-,
QC-MAIN-860bbbfc,Lac Doré Vanadium,,,CMP-9655934a,VanadiumCorp Resource Inc,,Quebec,project_facility,Active,Advanced project,project,,,"Iron ore, vanadium, titanium",,,,,,,
QC-MAIN-8c7063b2,James Bay Lithium,,,CMP-336d5ebc,-,,Quebec,project_facility,Active,Advanced project,project,,,Lithium (spodumene),,,,,,,
QC-MAIN-8d6616b4,Alouette,GRP-677b5973,Saguenay–Lac-Saint-Jean Operations,CMP-7a096012,Rio Tinto,,Quebec,active_facility,,,manufacturing,Smelter,Aluminum,Aluminum (pure),"Rio Tinto (40%), AMAG Austria Metall AG (Austria, 20%), Hydro Aluminium (Norway, 20%), Investissement Québec (Canada, 6.67%), Marubeni Metals & Minerals (Japan, 13.33%) ",,,https://www.alouette.com/en/our-company/shareholders,https://www.riotinto.com/en/operations/canada/saguenay,-,
QC-MAIN-92628f16,Vaudreuil,GRP-677b5973,Saguenay–Lac-Saint-Jean Operations,CMP-7a096012,Rio Tinto,,Quebec,active_facility,,,manufacturing,Refinery,Aluminum,Alumina,Rio Tinto (100%),,,https://www.riotinto.com/en/can,https://www.riotinto.com/en/operations/canada/saguenay,-,
QC-MAIN-9d41d417,Whabouchi,,,CMP-e4cba588,Nemaska Lithium Inc,,Quebec,project_facility,Active,Advanced project,project,,,Lithium (spodumene),,,,,,,
QC-MAIN-9de9bb0d,Kiena,,,CMP-3d2c4955,Wesdome Gold Mines Ltd,Val-d’Or,Quebec,active_facility,,,mining,"Open-pit, concentrator",Precious metals,Gold,Wesdome Gold Mines Ltd (100%),,1936–1996; 2005–2013; 2021–open,https://www.wesdome.com/English/overview/default.aspx,https://www.wesdome.com/English/operations/eagle-river/default.aspx,https://miningdataonline.com/property/1254/Eagle-River-Complex.aspx,
QC-MAIN-a2c6775d,La Loutre,,,CMP-cb42d3f9,Lomiko Metals Inc,,Quebec,project_facility,Active,Advanced project,project,,,Graphite,,,,,,,
QC-MAIN-a555d9b9,Niobec,,,CMP-f0009ac4,Magris Performance Materials Inc,Saint-Honoré-de-Chicoutimi,Quebec,active_facility,,,mining,"Underground, concentrator",Other metals,Niobium,Magris Performance Materials Inc (100%),Niobec Inc,,https://www.magrispm.com/,https://www.magrispm.com/niobec,https://miningdataonline.com/property/12/Niobec-Mine.aspx,
QC-MAIN-a97821c0,Raglan,GRP-de097f20,Integrated Nickel Operations,CMP-d5f1c66b,Glencore,Katinniq,Quebec,active_facility,,,mining,"Underground, concentrator",Base metals,"Nickel, platinum group metals, copper, cobalt, gold, silver",Glencore (100%),Glencore Canada Corporation,1998–open,https://www.glencore.ca/en,https://www.glencore.ca/en/kidd/,https://miningdataonline.com/property/367/Kidd-Creek-Mine.aspx,
QC-MAIN-aa793d35,Dumont Nickel,,,CMP-4a68042f,Magneto Investments Limited Partnership,,Quebec,project_facility,Active,Advanced project,project,,,"Nickel, cobalt, platinum, palladium, iron ore",,,,,,,
QC-MAIN-abb3e1c7,General Smelting Company of Canada,,,CMP-d5f1c66b,Glencore,,Quebec,active_facility,,,manufacturing,Secondary smelter,Base metals,Recycled lead,Glencore (100%),Glencore Canada Corporation,,https://www.glencore.ca/en,https://www.glencore.ca/en/ccr/,-,
QC-MAIN-ae473a4e,Lac Knife,,,CMP-7f274331,Focus Graphite Inc,,Quebec,project_facility,Active,Advanced project,project,,,Graphite,,,,,,,
QC-MAIN-b2148882,Troilus,,,CMP-1fbde0ec,Troilus Gold Corporation,,Quebec,project_facility,Active,Advanced project,project,,,"Gold, copper, silver",,,,,,,
QC-MAIN-b5937543,Blackrock,,,CMP-408ea322,Strategic Resources Inc,,Quebec,project_facility,Active,Advanced project,project,,,"Iron ore, vanadium, titanium",,,,,,,
QC-MAIN-b86f7d07,Casa Berardi,,,CMP-7e360a1f,Hecla Mining Company,"north of La Sarre, Casa Berardi Twp.",Quebec,active_facility,,,mining,"Open-pit, underground, concentrator",Precious metals,"Gold, silver",Hecla Mining Company (100%),Hecla Mining Company,1988–1991; 1993–open,https://www.hecla.com/,https://www.hecla.com/operations/hecla-keno-hill-yukon-territory-canada,https://miningdataonline.com/property/4563/Keno-Hill-Operation.aspx,
QC-MAIN-b8c826a2,DSO (Goodwood),GRP-2a663492,DSO,CMP-31bb0d19,Tata Steel Minerals Canada Limited,Schefferville,Quebec,active_facility,,,mining,Open-pit,Iron ore,Iron,"Tata Steel Limited (80%), New Millennium Iron Corporation (20%) through Tata Steel Minerals Canada (TSMC) joint venture",,2019–open,https://www.tatasteel.com/investors/annual-report-2014-15/html/tata-steel-minerals-canada.html,,,
QC-MAIN-be473617,Mont Sorcier,,,CMP-4675cb8e,Voyager Metals inc,,Quebec,project_facility,Active,Advanced project,project,,,"Iron ore, vanadium",,,,,,,
QC-MAIN-c0660aec,Goldex,,,CMP-6265c407,Agnico Eagle Mines Limited,Val-d’Or,Quebec,active_facility,,,mining,"Underground, concentrator",Precious metals,"Gold, silver",Agnico Eagle Mines Limited (100%),Agnico Eagle Mines Limited,2008–2011; 2013–open,https://agnicoeagle.com/Home/default.aspx,https://www.agnicoeagle.com/English/operations/operations/meadowbank/default.aspx,https://miningdataonline.com/property/47/Meadowbank-Mine.aspx,
QC-MAIN-c0e3a48b,Laterrière,GRP-677b5973,Saguenay–Lac-Saint-Jean Operations,CMP-7a096012,Rio Tinto,,Quebec,active_facility,,,manufacturing,Smelter,Aluminum,Aluminum (pure or alloyed),Rio Tinto (100%),,,https://www.riotinto.com/en/can,https://www.riotinto.com/en/operations/canada/saguenay,-,
QC-MAIN-c1c7eb99,Arvida,GRP-677b5973,Saguenay–Lac-Saint-Jean Operations,CMP-7a096012,Rio Tinto,,Quebec,active_facility,,,manufacturing,Smelter,Aluminum,"Aluminum (pure or alloyed), alumina, aluminum chemicals, composites",Rio Tinto (100%),,,https://www.riotinto.com/en/can,https://www.riotinto.com/en/operations/canada/bc-works,-,
QC-MAIN-c1cc9f7c,Becancour Silicon,,,CMP-ef8ffade,Ferroglobe PLC,,Quebec,active_facility,,,manufacturing,,Ferroalloys,"Silicon metal, ferrosilicon",,,,https://www.ferroglobe.com/,https://www.ferroglobe.com/about-ferroglobe/industrial-footprint/b%C3%A9cancour,-,
QC-MAIN-c4fb59c2,Moblan,,,CMP-f2392338,Sayona Nord,,Quebec,project_facility,Active,Advanced project,project,,,Lithium (spodumene),,,,,,,
QC-MAIN-c8966bdc,Bécancour,,,CMP-dc21de8a,Alcoa Corporation / Rio Tinto,,Quebec,active_facility,,,manufacturing,Smelter,Aluminum,Aluminum (pure or alloyed),"Alcoa Corporation (74.95%), Rio Tinto (25.05%)",Alcoa Corporation,,https://www.alcoa.com/global/en/home/,"https://www.riotinto.com/en/operations/canada/saguenay
https://www.alcoa.com/canada/fr/factories",-,
QC-MAIN-d29e0839,Sleeping Giant,,,CMP-0a6a3062,Abcourt Mines Inc,north of Amos,Quebec,active_facility,,,mining,Concentrator,Precious metals,"Gold, silver",Abcourt Mines Inc (100%),Abcourt Mines Inc,1956–1959; 1974–1975; 1988–open,https://abcourt.info/,https://abcourt.info/projects/the-sleeping-giant-mine/,https://miningdataonline.com/property/1589/Sleeping-Giant-Mine.aspx,
QC-MAIN-d4e2812a,Rose,,,CMP-3a004643,Critical Elements Lithium Corporation,,Quebec,project_facility,Active,Advanced project,project,,,"Lithium (spodumene), tantalum",,,,,,,
QC-MAIN-d59f82aa,Sirmac,,,CMP-d62baf11,Vision Lithium Inc,,Quebec,project_facility,Active,Advanced project,project,,,"Lithium, tantalum",,,,,,,
QC-MAIN-d6748d40,Matawinie,,,CMP-cc31efb5,"Nouveau Monde Graphite, Inc",,Quebec,project_facility,Active,Advanced project,project,,,Graphite,,,,,,,
QC-MAIN-dc1a16f9,North American Lithium,,,CMP-9f967ad1,Sayona Québec Inc,La Corne,Quebec,active_facility,,,mining,"Open-pit, underground",Other metals,Lithium,"Sayona Mining Ltd (75%), Piedmont Lithium (25%)",,,https://www.sayona.ca/,https://www.sayona.ca/projets/complexe-lithium-amerique-du-nord/,https://miningdataonline.com/property/1628/North-American-Lithium-NAL-Mine.aspx,
QC-MAIN-de3d8b7b,Canadian Electrolytic Zinc Limited (CEZinc),,,CMP-d5f1c66b,Glencore,,Quebec,active_facility,,,manufacturing,Refinery,Base metals,"Zinc, cadmium, liquid sulfur dioxide, sulfuric acid",Glencore (100%),Glencore Canada Corporation,,https://www.glencore.ca/en,https://www.glencore.ca/en/generalsmelting/,-,
QC-MAIN-e25eed27,Port-Cartier,GRP-1402249f,AMMC,CMP-3775c12e,ArcelorMittal,,Quebec,active_facility,,,manufacturing,Pelletizing plant,Iron ore,Iron ore,,,,https://corporate.arcelormittal.com/,https://northamerica.arcelormittal.com/our-operations/arcelormittal-mines-and-infrastructure-canada,-,
QC-MAIN-e51eda66,LaRonde,,,CMP-6265c407,Agnico Eagle Mines Limited,Preissac,Quebec,active_facility,,,mining,"Underground, concentrator",Precious metals,"Gold, zinc, copper, silver, cadmium",Agnico Eagle Mines Limited (100%),Agnico Eagle Mines Limited,1988–open,https://agnicoeagle.com/Home/default.aspx,https://www.agnicoeagle.com/English/operations/operations/meadowbank/default.aspx,https://miningdataonline.com/property/47/Meadowbank-Mine.aspx,
QC-MAIN-e7e6a960,Canadian Malartic,,,CMP-6265c407,Agnico Eagle Mines Limited,Malartic,Quebec,active_facility,,,mining,"Open-pit, concentrator",Precious metals,"Gold, silver",Agnico Eagle Mines Limited (100%),Agnico Eagle Mines Limited,1935–1965; 2011–open,https://agnicoeagle.com/Home/default.aspx,https://www.agnicoeagle.com/English/operations/operations/Detour-Lake-Mine/default.aspx,https://miningdataonline.com/property/13/Detour-Lake-Mine.aspx,
QC-MAIN-e82266c5,Lac Tio,GRP-25483238,RTFT Operations Quebec,CMP-7a096012,Rio Tinto,Havre-Saint-Pierre,Quebec,active_facility,,,mining,Open-pit,Other metals,Ilmenite,Rio Tinto (100%) through Diavik Diamond Mines Inc subsidiary,,,https://www.riotinto.com/en/can,https://www.riotinto.com/en/operations/canada/diavik,https://miningdataonline.com/property/14/Diavik-Mine.aspx,
QC-MAIN-eac5a52b,Deschambault,,,CMP-140e111b,Alcoa Corporation,,Quebec,active_facility,,,manufacturing,Smelter,Aluminum,Aluminum (pure),Alcoa Corporation (100%),Alcoa Corporation,,https://www.alcoa.com/global/en/home/,https://fr-ca.alcoa.com/canada/fr/factories,-,
QC-MAIN-eb73fd68,Nemaska lithium conversion facility,,,CMP-e4cba588,Nemaska Lithium Inc,,Quebec,project_facility,Active,Advanced processing project,project,,,Lithium hydroxide,,,,,,,
QC-MAIN-f1ff4920,Akasaba West,,,CMP-6265c407,Agnico Eagle Mines Limited,,Quebec,project_facility,Active,Advanced project,project,,,"Gold, copper",,,,https://agnicoeagle.com/Home/default.aspx,https://www.agnicoeagle.com/English/operations/operations/meadowbank/default.aspx,https://miningdataonline.com/property/47/Meadowbank-Mine.aspx,
QC-MAIN-f9e41c2a,Lamaque,,,CMP-64d60fd7,Eldorado Gold,Val-d’Or,Quebec,active_facility,,,mining,"Underground, concentrator",Precious metals,Gold,Eldorado Gold (100%),Eldorado Gold,,https://www.eldoradogold.com/,https://www.eldoradogold.com/assets/operations/lamaque-complex,https://miningdataonline.com/property/1694/Lamaque-Project.aspx,
SK-MAIN-0684a5d8,Patterson Lake South,,,CMP-356a17d2,Fission Uranium Corp,,Saskatchewan,project_facility,Active,Advanced project,project,,,Uranium,,,,,,,
SK-MAIN-22ce14be,Santoy,GRP-14bfbb82,Seabee Gold Operation,CMP-4a73c5f8,SSR Mining Inc,Santoy Lake,Saskatchewan,active_facility,,,mining,Underground,Precious metals,Gold,SSR Mining Inc (100%),,2011–open,https://www.ssrmining.com,https://www.ssrmining.com/operations/production/seabee/,https://miningdataonline.com/property/1524/Seabee-Gold-Operation.aspx,
SK-MAIN-26b9aaf3,EVRAZ Regina,,,CMP-28720916,EVRAZ North America Inc,,Saskatchewan,active_facility,,,manufacturing,Electric arc furnace,Iron ore,Steel,EVRAZ North America Inc (100%),EVRAZ North America Inc,,https://www.evrazna.com/,https://www.gem.wiki/Evraz_Regina_Steel_plant,-,
SK-MAIN-29afbdb5,Seabee,GRP-14bfbb82,Seabee Gold Operation,CMP-4a73c5f8,SSR Mining Inc,Laonil Lake,Saskatchewan,active_facility,,,mining,Concentrator,Precious metals,Gold,SSR Mining Inc (100%),,,https://www.ssrmining.com,https://www.ssrmining.com/operations/production/seabee/,https://miningdataonline.com/property/1524/Seabee-Gold-Operation.aspx,
SK-MAIN-3012889c,Rook I,,,CMP-2c3cd7d6,NexGen Energy Ltd,,Saskatchewan,project_facility,Active,Advanced project,project,,,Uranium,,,,,,,
SK-MAIN-4aef3cb2,Waterbury,,,CMP-a5ce7f9f,Denison Mines Corp,,Saskatchewan,project_facility,Active,Advanced project,project,,,Uranium,,,,,,,
SK-MAIN-60ba74c4,McClean Lake,,,CMP-43299e17,Orano Canada Inc,McClean Lake,Saskatchewan,active_facility,,,mining,Concentrator,Uranium,Uranium,"Orano Canada Inc (77.5%), Denison Mines Corp (22.5%)",Orano Canada Inc,,https://www.orano.group/canada/en,"https://www.orano.group/canada/en/our-uranium-expertise/mining-and-milling
https://denisonmines.com/projects/other-projects/mcclean-lake-project/",https://miningdataonline.com/property/98/McClean-Lake-Mine.aspx,
SK-MAIN-7a11ae49,McIlvenna Bay,,,CMP-2564a9f4,Foran Mining Corporation,,Saskatchewan,project_facility,Active,Advanced project,project,,,"Copper, zinc, gold, silver, lead",,,,,,,
SK-MAIN-91cf5448,Cigar Lake,,,CMP-cadb529a,Cameco Corporation,Waterbury Lake,Saskatchewan,active_facility,,,mining,Underground,Uranium,Uranium,"Cameco Corporation (54.547%), Orano Canada (40.453%), TEPCO Resources Inc (5%)",Cameco,2015–open,https://www.cameco.com/,https://www.cameco.com/businesses/uranium-operations/canada/cigar-lake,https://miningdataonline.com/property/26/Cigar-Lake-Mine.aspx,
SK-MAIN-95ec2625,Wheeler River,,,CMP-a5ce7f9f,Denison Mines Corp,,Saskatchewan,project_facility,Active,Advanced project,project,,,Uranium,,,,,,,
SK-MAIN-9dd2b7f8,Horseshoe-Raven,,,CMP-172beb3d,Uranium Energy Corp,,Saskatchewan,project_facility,Active,Advanced project,project,,,Uranium,,,,,,,
SK-MAIN-bb89158f,Key Lake,GRP-21eee27d,Key Lake + McArthur River,CMP-cadb529a,Cameco Corporation,north of Highrock Lake,Saskatchewan,active_facility,,,mining,Concentrator,Uranium,Uranium,"Cameco (69.8%), Orano Canada (30.2%)",Cameco,,https://www.cameco.com/,https://www.cameco.com/businesses/uranium-operations/canada/mcarthur-river-key-lake,https://miningdataonline.com/property/54/McArthur-River---Key-Lake-Mine.aspx,
SK-MAIN-d3c471e8,McArthur River,GRP-21eee27d,Key Lake + McArthur River,CMP-cadb529a,Cameco Corporation,north of Key Lake,Saskatchewan,active_facility,,,mining,Underground,Uranium,Uranium,"Cameco (83.3%), Orano Canada (16.7%)",Cameco,,https://www.cameco.com/,https://www.cameco.com/businesses/uranium-operations/canada/mcarthur-river-key-lake,https://miningdataonline.com/property/54/McArthur-River---Key-Lake-Mine.aspx,
SK-MAIN-d5c9124e,Rare Earth Processing Facility,,,CMP-f57e5174,Saskatchewan Research Council (SRC),,Saskatchewan,project_facility,Active,Advanced processing project,project,,,Rare earth elements,,,,,,,
SK-MAIN-de2e2f8e,Prairie Lithium,,,CMP-336d5ebc,-,,Saskatchewan,project_facility,Active,Advanced unconventional project,project,,,Lithium (brine),,,,,,,
SK-MAIN-fbe28fef,Kindersley Lithium,,,CMP-5663037d,Grounded Lithium Corp,,Saskatchewan,project_facility,Active,Advanced unconventional project,project,,,Lithium (brine),,,,,,,
YT-MAIN-03a159d7,Selwyn,,,CMP-be83d39d,Selwyn Chihong Mining Ltd,,Yukon,project_facility,Active,Advanced project,project,,,"Zinc, lead",,,,,,,
YT-MAIN-1910d1c3,Nickel Shaw,,,CMP-15e242d8,Nickel Creek Platinum Corp,,Yukon,project_facility,Active,Advanced project,project,,,"Nickel, copper, platinum, palladium, gold, cobalt",,,,,,,
YT-MAIN-2cc9bb06,Kudz Ze Kayah,,,CMP-336d5ebc,-,,Yukon,project_facility,Active,Advanced project,project,,,"Zinc, lead, copper, silver, gold",,,,,,,
YT-MAIN-44857446,Keno Hill Silver District,,,CMP-7e360a1f,Hecla Mining Company,Mayo,Yukon,active_facility,,,mining,"Underground, concentrator",Precious metals and Base metals,"Silver, zinc, lead",Hecla Mining Company (100%),Hecla Mining Company,,https://www.hecla.com/,https://www.hecla.com/operations/casa-berardi-quebec-canada,https://miningdataonline.com/property/24/Casa-Berardi-Mine.aspx,
YT-MAIN-5e0d8b48,Casino,,,CMP-2dac9896,Western Copper and Gold Corporation,,Yukon,project_facility,Active,Advanced project,project,,,"Copper, gold, molybdenum, silver",,,,,,,
YT-MAIN-68c87980,Freegold Mountain,,,CMP-d4dec651,Triumph Gold Corp,,Yukon,project_facility,Active,Advanced project,project,,,"Gold, silver, copper, molybdenum, tungsten",,,,,,,
YT-MAIN-70d629b4,Mactung,,,CMP-60ac0fea,Fireweed Metals Corp,,Yukon,project_facility,Active,Advanced project,project,,,Tungsten,,,,,,,
YT-MAIN-73ce66b5,Klaza,,,CMP-17eefa32,Rockhaven Resources Ltd,,Yukon,project_facility,Active,Advanced project,project,,,"Gold, silver, lead, zinc",,,,,,,
YT-MAIN-752fbcae,Minto,,,CMP-e0e7077f,Minto Metals Corporation,Pelly Crossing,Yukon,active_facility,,,mining,"Open-pit, underground, concentrator",Base metals,"Copper, gold, silver","Pembridge Resources PLC (11.2%),  Cedro Holdings I LLC (27.7%),  Copper Holdings LLC (37%)",Minto Metals Corporation,,https://www.pwc.com/ca/en/services/insolvency-assignments/minto.html,,https://miningdataonline.com/property/58/Minto-Mine.aspx,
YT-MAIN-956d050a,Carmacks,,,CMP-fd6034ba,Granite Creek Copper,,Yukon,project_facility,Active,Advanced project,project,,,"Copper, gold, silver, molybdenum",,,,,,,
YT-MAIN-c3105f43,Rackla Gold,,,CMP-7e360a1f,Hecla Mining Company,,Yukon,project_facility,Active,Advanced project,project,,,"Gold, tungsten",,,,https://www.hecla.com/,https://www.hecla.com/exploration#racklaexplorationproject,https://miningdataonline.com/property/1801/Tiger-Rackla-Project.aspx,
YT-MAIN-ca488f19,Macmillan Pass,,,CMP-60ac0fea,Fireweed Metals Corp,,Yukon,project_facility,Active,Advanced project,project,,,"Zinc, lead, silver",,,,,,,
YT-MAIN-e05ed9fe,Eagle (Dublin Gulch),,,CMP-661b40f2,Victoria Gold Corporation,Mayo,Yukon,active_facility,,,mining,"Open-pit, concentrator",Precious metals,Gold,x,x,2019–open,https://vgcx.com/,,https://miningdataonline.com/property/1596/Eagle-Gold-Mine.aspx,
