technosphere_id,year,reporting_level,reported_company_nrcan,name,main_id,facility_group_id,company_id,facility_type,mining_processing_type,commodity,flow_type,subflow_type,unit,value,comment,source,source_id
TECH-fefeaee4-2023-1,2023,Site-specific,Newmont Corporation,Brucejack,ON-MAIN-fefeaee4,,CMP-4a434d72,mining,"Underground, concentrator","Gold, silver",Energy,Acetylene,GJ,18.475650648,,2023-Performance-data.xlsx,SRC_NewmontCorporation_2023-Performance-data
TECH-fefeaee4-2023-2,2023,Site-specific,Newmont Corporation,Brucejack,ON-MAIN-fefeaee4,,CMP-4a434d72,mining,"Underground, concentrator","Gold, silver",Energy,Aviation fuel,GJ,72676.1107896,,2023-Performance-data.xlsx,SRC_NewmontCorporation_2023-Performance-data
TECH-fefeaee4-2023-3,2023,Site-specific,Newmont Corporation,Brucejack,ON-MAIN-fefeaee4,,CMP-4a434d72,mining,"Underground, concentrator","Gold, silver",Energy,Diesel,GJ,287042.447231542,,2023-Performance-data.xlsx,SRC_NewmontCorporation_2023-Performance-data
TECH-fefeaee4-2023-4,2023,Site-specific,Newmont Corporation,Brucejack,ON-MAIN-fefeaee4,,CMP-4a434d72,mining,"Underground, concentrator","Gold, silver",Energy,Electricity consumption,GJ,569009.5848,,2023-Performance-data.xlsx,SRC_NewmontCorporation_2023-Performance-data
TECH-fefeaee4-2023-5,2023,Site-specific,Newmont Corporation,Brucejack,ON-MAIN-fefeaee4,,CMP-4a434d72,mining,"Underground, concentrator","Gold, silver",Energy,Electricity consumption|Generated on-site,GJ,86225.1173956,,2023-Performance-data.xlsx,SRC_NewmontCorporation_2023-Performance-data
TECH-fefeaee4-2023-6,2023,Site-specific,Newmont Corporation,Brucejack,ON-MAIN-fefeaee4,,CMP-4a434d72,mining,"Underground, concentrator","Gold, silver",Energy,Gasoline,GJ,13568.45,,2023-Performance-data.xlsx,SRC_NewmontCorporation_2023-Performance-data
TECH-fefeaee4-2023-7,2023,Site-specific,Newmont Corporation,Brucejack,ON-MAIN-fefeaee4,,CMP-4a434d72,mining,"Underground, concentrator","Gold, silver",Energy,Propane,GJ,42071.0413,,2023-Performance-data.xlsx,SRC_NewmontCorporation_2023-Performance-data
TECH-fefeaee4-2023-8,2023,Site-specific,Newmont Corporation,Brucejack,ON-MAIN-fefeaee4,,CMP-4a434d72,mining,"Underground, concentrator","Gold, silver",Energy,Used oil,GJ,2344.0244,,2023-Performance-data.xlsx,SRC_NewmontCorporation_2023-Performance-data
TECH-1f126a43-2023-1,2023,Site-specific,Agnico Eagle Mines Limited,Canadian Malartic,ON-MAIN-1f126a43,,CMP-6265c407,mining,"Underground, concentrator","Gold, silver",Energy,Diesel,GJ,2557832.0,,2023-Sustainability-Performance_data,SRC_AgnicoEagleMinesLimited_2023-Sustainability-Performance_data
TECH-1f126a43-2023-2,2023,Site-specific,Agnico Eagle Mines Limited,Canadian Malartic,ON-MAIN-1f126a43,,CMP-6265c407,mining,"Underground, concentrator","Gold, silver",Energy,Electricity consumption,kWh,674524386.0,,2023-Sustainability-Performance_data,SRC_AgnicoEagleMinesLimited_2023-Sustainability-Performance_data
TECH-1f126a43-2023-3,2023,Site-specific,Agnico Eagle Mines Limited,Canadian Malartic,ON-MAIN-1f126a43,,CMP-6265c407,mining,"Underground, concentrator","Gold, silver",Energy,Light Fuel & Gasoline,GJ,42833.0,,2023-Sustainability-Performance_data,SRC_AgnicoEagleMinesLimited_2023-Sustainability-Performance_data
TECH-1f126a43-2023-4,2023,Site-specific,Agnico Eagle Mines Limited,Canadian Malartic,ON-MAIN-1f126a43,,CMP-6265c407,mining,"Underground, concentrator","Gold, silver",Energy,Natural gas,GJ,162805.0,,2023-Sustainability-Performance_data,SRC_AgnicoEagleMinesLimited_2023-Sustainability-Performance_data
TECH-1f126a43-2023-5,2023,Site-specific,Agnico Eagle Mines Limited,Canadian Malartic,ON-MAIN-1f126a43,,CMP-6265c407,mining,"Underground, concentrator","Gold, silver",Energy,Propane,GJ,1463.60937,,2023-Sustainability-Performance_data,SRC_AgnicoEagleMinesLimited_2023-Sustainability-Performance_data
TECH-dd723db4-2023-1,2023,Site-specific,Iron Ore Company of Canada Inc,Carol Lake,NL-MAIN-dd723db4,,CMP-2da4630a,mining,"Open-pit, concentrator",Iron,Energy,Energy use,MWh,4145000.0,No decomposition per energy type,SR_2023.pdf,SRC_IronOreCompanyofCanadaInc_SR_2023
TECH-44857446-2023-1,2023,Site-specific,Hecla Mining Company,Casa Berardi,YT-MAIN-44857446,,CMP-7e360a1f,mining,Concentrator,"Copper, gold, silver",Energy,Diesel|Mobile equipment,gallons,2785135.0,,SR_2023.pdf,SRC_HeclaMiningCompany_SR_2023
TECH-44857446-2023-2,2023,Site-specific,Hecla Mining Company,Casa Berardi,YT-MAIN-44857446,,CMP-7e360a1f,mining,Concentrator,"Copper, gold, silver",Energy,Electricity consumption|Not specified,kWh,137676647.0,,SR_2023.pdf,SRC_HeclaMiningCompany_SR_2023
TECH-44857446-2023-3,2023,Site-specific,Hecla Mining Company,Casa Berardi,YT-MAIN-44857446,,CMP-7e360a1f,mining,Concentrator,"Copper, gold, silver",Energy,Gasoline|Mobile equipment,gallons,144321.0,,SR_2023.pdf,SRC_HeclaMiningCompany_SR_2023
TECH-44857446-2023-4,2023,Site-specific,Hecla Mining Company,Casa Berardi,YT-MAIN-44857446,,CMP-7e360a1f,mining,Concentrator,"Copper, gold, silver",Energy,Propane,gallons,494423.0,,SR_2023.pdf,SRC_HeclaMiningCompany_SR_2023
TECH-44857446-2023-5,2023,Site-specific,Hecla Mining Company,Casa Berardi,YT-MAIN-44857446,,CMP-7e360a1f,mining,Concentrator,"Copper, gold, silver",Energy,Surface/underground emulsion & ANFO,pounds,6543598.0,,SR_2023.pdf,SRC_HeclaMiningCompany_SR_2023
TECH-599152a0-2023-1,2023,Site-specific,Hudbay Minerals Inc,Copper Mountain,BC-MAIN-599152a0,,CMP-12afc634,mining,Concentrator,"Copper, gold, silver",Energy,Diesel,TJ,80.96,Share of primary energy source derived from the all group,Hudbay-2023-Integrated-Annual-Report-Performance-Data.xlsx,SRC_HudbayMineralsInc_Hudbay-2023-Integrated-Annual-Report-Performance-Data
TECH-599152a0-2023-2,2023,Site-specific,Hudbay Minerals Inc,Copper Mountain,BC-MAIN-599152a0,,CMP-12afc634,mining,Concentrator,"Copper, gold, silver",Energy,Electricity consumption,TJ,1968.0,,Hudbay-2023-Integrated-Annual-Report-Performance-Data.xlsx,SRC_HudbayMineralsInc_Hudbay-2023-Integrated-Annual-Report-Performance-Data
TECH-599152a0-2023-3,2023,Site-specific,Hudbay Minerals Inc,Copper Mountain,BC-MAIN-599152a0,,CMP-12afc634,mining,Concentrator,"Copper, gold, silver",Energy,Gasoline,TJ,0.368,Share of primary energy source derived from the all group,Hudbay-2023-Integrated-Annual-Report-Performance-Data.xlsx,SRC_HudbayMineralsInc_Hudbay-2023-Integrated-Annual-Report-Performance-Data
TECH-599152a0-2023-4,2023,Site-specific,Hudbay Minerals Inc,Copper Mountain,BC-MAIN-599152a0,,CMP-12afc634,mining,Concentrator,"Copper, gold, silver",Energy,Propane,TJ,10.12,Share of primary energy source derived from the all group,Hudbay-2023-Integrated-Annual-Report-Performance-Data.xlsx,SRC_HudbayMineralsInc_Hudbay-2023-Integrated-Annual-Report-Performance-Data
TECH-e7e6a960-2023-1,2023,Site-specific,Agnico Eagle Mines Limited,Detour Lake,QC-MAIN-e7e6a960,,CMP-6265c407,mining,"Open-pit, concentrator",Gold,Energy,Diesel,GJ,3947008.0,,2023-Sustainability-Performance_data,SRC_AgnicoEagleMinesLimited_2023-Sustainability-Performance_data
TECH-e7e6a960-2023-2,2023,Site-specific,Agnico Eagle Mines Limited,Detour Lake,QC-MAIN-e7e6a960,,CMP-6265c407,mining,"Open-pit, concentrator",Gold,Energy,Electricity consumption,kWh,830958937.0,,2023-Sustainability-Performance_data,SRC_AgnicoEagleMinesLimited_2023-Sustainability-Performance_data
TECH-e7e6a960-2023-3,2023,Site-specific,Agnico Eagle Mines Limited,Detour Lake,QC-MAIN-e7e6a960,,CMP-6265c407,mining,"Open-pit, concentrator",Gold,Energy,Explosives,GJ,65074.0,,2023-Sustainability-Performance_data,SRC_AgnicoEagleMinesLimited_2023-Sustainability-Performance_data
TECH-e7e6a960-2023-4,2023,Site-specific,Agnico Eagle Mines Limited,Detour Lake,QC-MAIN-e7e6a960,,CMP-6265c407,mining,"Open-pit, concentrator",Gold,Energy,Light Fuel & Gasoline,GJ,71904.0,,2023-Sustainability-Performance_data,SRC_AgnicoEagleMinesLimited_2023-Sustainability-Performance_data
TECH-e7e6a960-2023-5,2023,Site-specific,Agnico Eagle Mines Limited,Detour Lake,QC-MAIN-e7e6a960,,CMP-6265c407,mining,"Open-pit, concentrator",Gold,Energy,Propane,GJ,182468.0,,2023-Sustainability-Performance_data,SRC_AgnicoEagleMinesLimited_2023-Sustainability-Performance_data
TECH-9de9bb0d-2023-1,2023,Site-specific,Wesdome Gold Mines Ltd.,Eagle River,QC-MAIN-9de9bb0d,,CMP-3d2c4955,mining,"Underground, concentrator",Gold,Energy,Diesel,kl,2829.0,,ESG_data_2023.xlsx,SRC_WesdomeGoldMinesLtd._ESG_data_2023
TECH-9de9bb0d-2023-2,2023,Site-specific,Wesdome Gold Mines Ltd.,Eagle River,QC-MAIN-9de9bb0d,,CMP-3d2c4955,mining,"Underground, concentrator",Gold,Energy,Electricity consumption|Generated on-site,MWh,34190.619999999995,Given in MW in the Excel file but does not make sense,ESG_data_2023.xlsx,SRC_WesdomeGoldMinesLtd._ESG_data_2023
TECH-9de9bb0d-2023-3,2023,Site-specific,Wesdome Gold Mines Ltd.,Eagle River,QC-MAIN-9de9bb0d,,CMP-3d2c4955,mining,"Underground, concentrator",Gold,Energy,Electricity consumption|Grid electricity,MWh,38555.380000000005,Given in MW in the Excel file but does not make sense,ESG_data_2023.xlsx,SRC_WesdomeGoldMinesLtd._ESG_data_2023
TECH-9de9bb0d-2023-4,2023,Site-specific,Wesdome Gold Mines Ltd.,Eagle River,QC-MAIN-9de9bb0d,,CMP-3d2c4955,mining,"Underground, concentrator",Gold,Energy,Explosives,t,1211.0,,ESG_data_2023.xlsx,SRC_WesdomeGoldMinesLtd._ESG_data_2023
TECH-9de9bb0d-2023-5,2023,Site-specific,Wesdome Gold Mines Ltd.,Eagle River,QC-MAIN-9de9bb0d,,CMP-3d2c4955,mining,"Underground, concentrator",Gold,Energy,Gasoline,kl,369.0,,ESG_data_2023.xlsx,SRC_WesdomeGoldMinesLtd._ESG_data_2023
TECH-9de9bb0d-2023-6,2023,Site-specific,Wesdome Gold Mines Ltd.,Eagle River,QC-MAIN-9de9bb0d,,CMP-3d2c4955,mining,"Underground, concentrator",Gold,Energy,Propane,kl,2528.0,,ESG_data_2023.xlsx,SRC_WesdomeGoldMinesLtd._ESG_data_2023
TECH-538513cd-2023-1,2023,Site-specific,Newmont Corporation,Éléonore,ON-MAIN-538513cd,,CMP-4a434d72,mining,"Underground, concentrator",Gold,Energy,Aviation fuel,GJ,21662.09888,,2023-Performance-data.xlsx,SRC_NewmontCorporation_2023-Performance-data
TECH-538513cd-2023-2,2023,Site-specific,Newmont Corporation,Éléonore,ON-MAIN-538513cd,,CMP-4a434d72,mining,"Underground, concentrator",Gold,Material use,Cement,t,27374.0,,Newmont-2023-Performance-Data-Tables-V4-locked.xlsx,SRC_NewmontCorporation_Newmont-2023-Performance-Data-Tables-V4-locked
TECH-538513cd-2023-3,2023,Site-specific,Newmont Corporation,Éléonore,ON-MAIN-538513cd,,CMP-4a434d72,mining,"Underground, concentrator",Gold,Energy,Diesel,GJ,385327.7974,,2023-Performance-data.xlsx,SRC_NewmontCorporation_2023-Performance-data
TECH-538513cd-2023-4,2023,Site-specific,Newmont Corporation,Éléonore,ON-MAIN-538513cd,,CMP-4a434d72,mining,"Underground, concentrator",Gold,Energy,Electricity consumption,GJ,892229.95044,,2023-Performance-data.xlsx,SRC_NewmontCorporation_2023-Performance-data
TECH-538513cd-2023-5,2023,Site-specific,Newmont Corporation,Éléonore,ON-MAIN-538513cd,,CMP-4a434d72,mining,"Underground, concentrator",Gold,Energy,Electricity consumption|Generated on-site,GJ,3531.1068,,2023-Performance-data.xlsx,SRC_NewmontCorporation_2023-Performance-data
TECH-538513cd-2023-6,2023,Site-specific,Newmont Corporation,Éléonore,ON-MAIN-538513cd,,CMP-4a434d72,mining,"Underground, concentrator",Gold,Energy,Gasoline,GJ,10018.1179,,2023-Performance-data.xlsx,SRC_NewmontCorporation_2023-Performance-data
TECH-538513cd-2023-7,2023,Site-specific,Newmont Corporation,Éléonore,ON-MAIN-538513cd,,CMP-4a434d72,mining,"Underground, concentrator",Gold,Energy,Grinding media,t,3039.9,"Explosives, treated as energy consumption",Newmont-2023-Performance-Data-Tables-V4-locked.xlsx,SRC_NewmontCorporation_Newmont-2023-Performance-Data-Tables-V4-locked
TECH-538513cd-2023-8,2023,Site-specific,Newmont Corporation,Éléonore,ON-MAIN-538513cd,,CMP-4a434d72,mining,"Underground, concentrator",Gold,Material use,Lime,t,2229.0,,Newmont-2023-Performance-Data-Tables-V4-locked.xlsx,SRC_NewmontCorporation_Newmont-2023-Performance-Data-Tables-V4-locked
TECH-538513cd-2023-9,2023,Site-specific,Newmont Corporation,Éléonore,ON-MAIN-538513cd,,CMP-4a434d72,mining,"Underground, concentrator",Gold,Material use,Lubricants,kl,380.687,,Newmont-2023-Performance-Data-Tables-V4-locked.xlsx,SRC_NewmontCorporation_Newmont-2023-Performance-Data-Tables-V4-locked
TECH-538513cd-2023-10,2023,Site-specific,Newmont Corporation,Éléonore,ON-MAIN-538513cd,,CMP-4a434d72,mining,"Underground, concentrator",Gold,Material use,Nitric acid (HNO3),l,26575.0,,Newmont-2023-Performance-Data-Tables-V4-locked.xlsx,SRC_NewmontCorporation_Newmont-2023-Performance-Data-Tables-V4-locked
TECH-538513cd-2023-11,2023,Site-specific,Newmont Corporation,Éléonore,ON-MAIN-538513cd,,CMP-4a434d72,mining,"Underground, concentrator",Gold,Energy,Propane,GJ,142393.17415,,2023-Performance-data.xlsx,SRC_NewmontCorporation_2023-Performance-data
TECH-538513cd-2023-12,2023,Site-specific,Newmont Corporation,Éléonore,ON-MAIN-538513cd,,CMP-4a434d72,mining,"Underground, concentrator",Gold,Material use,Sodium cyanide (NaCN),t,838.8,,Newmont-2023-Performance-Data-Tables-V4-locked.xlsx,SRC_NewmontCorporation_Newmont-2023-Performance-Data-Tables-V4-locked
TECH-538513cd-2023-13,2023,Site-specific,Newmont Corporation,Éléonore,ON-MAIN-538513cd,,CMP-4a434d72,mining,"Underground, concentrator",Gold,Material use,Sulfuric acid (H2SO4),l,73.96,,Newmont-2023-Performance-Data-Tables-V4-locked.xlsx,SRC_NewmontCorporation_Newmont-2023-Performance-Data-Tables-V4-locked
TECH-538513cd-2023-14,2023,Site-specific,Newmont Corporation,Éléonore,ON-MAIN-538513cd,,CMP-4a434d72,mining,"Underground, concentrator",Gold,Material use,Tires,t,241.250566996281,,Newmont-2023-Performance-Data-Tables-V4-locked.xlsx,SRC_NewmontCorporation_Newmont-2023-Performance-Data-Tables-V4-locked
TECH-6b4800fe-2023-1,2023,Site-specific,Taseko Mines Limited,Gibraltar,BC-MAIN-6b4800fe,,CMP-e35f138c,mining,"Open-pit, concentrator","Copper, molybdenum, silver",Energy,Diesel,GJ,1683653.0,,ESG_2023.pdf,SRC_TasekoMinesLimited_ESG_2023
TECH-6b4800fe-2023-2,2023,Site-specific,Taseko Mines Limited,Gibraltar,BC-MAIN-6b4800fe,,CMP-e35f138c,mining,"Open-pit, concentrator","Copper, molybdenum, silver",Energy,Electricity consumption|Grid electricity,GJ,1695665.0,,ESG_2023.pdf,SRC_TasekoMinesLimited_ESG_2023
TECH-6b4800fe-2023-3,2023,Site-specific,Taseko Mines Limited,Gibraltar,BC-MAIN-6b4800fe,,CMP-e35f138c,mining,"Open-pit, concentrator","Copper, molybdenum, silver",Energy,Gasoline,GJ,38791.0,,ESG_2023.pdf,SRC_TasekoMinesLimited_ESG_2023
TECH-6b4800fe-2023-4,2023,Site-specific,Taseko Mines Limited,Gibraltar,BC-MAIN-6b4800fe,,CMP-e35f138c,mining,"Open-pit, concentrator","Copper, molybdenum, silver",Energy,Natural gas,GJ,186977.0,,ESG_2023.pdf,SRC_TasekoMinesLimited_ESG_2023
TECH-6b4800fe-2023-5,2023,Site-specific,Taseko Mines Limited,Gibraltar,BC-MAIN-6b4800fe,,CMP-e35f138c,mining,"Open-pit, concentrator","Copper, molybdenum, silver",Energy,Propane,GJ,453.0,,ESG_2023.pdf,SRC_TasekoMinesLimited_ESG_2023
TECH-8b0264c9-2023-1,2023,Site-specific,Agnico Eagle Mines Limited,Goldex,NU-MAIN-8b0264c9,,CMP-6265c407,mining,"Underground, concentrator","Gold, silver",Energy,Diesel,GJ,129455.0,,2023-Sustainability-Performance_data,SRC_AgnicoEagleMinesLimited_2023-Sustainability-Performance_data
TECH-8b0264c9-2023-2,2023,Site-specific,Agnico Eagle Mines Limited,Goldex,NU-MAIN-8b0264c9,,CMP-6265c407,mining,"Underground, concentrator","Gold, silver",Energy,Electricity consumption,kWh,178921745.0,,2023-Sustainability-Performance_data,SRC_AgnicoEagleMinesLimited_2023-Sustainability-Performance_data
TECH-8b0264c9-2023-3,2023,Site-specific,Agnico Eagle Mines Limited,Goldex,NU-MAIN-8b0264c9,,CMP-6265c407,mining,"Underground, concentrator","Gold, silver",Energy,Explosives,GJ,11047.0,,2023-Sustainability-Performance_data,SRC_AgnicoEagleMinesLimited_2023-Sustainability-Performance_data
TECH-8b0264c9-2023-4,2023,Site-specific,Agnico Eagle Mines Limited,Goldex,NU-MAIN-8b0264c9,,CMP-6265c407,mining,"Underground, concentrator","Gold, silver",Energy,Light Fuel & Gasoline,GJ,1347.0,,2023-Sustainability-Performance_data,SRC_AgnicoEagleMinesLimited_2023-Sustainability-Performance_data
TECH-8b0264c9-2023-5,2023,Site-specific,Agnico Eagle Mines Limited,Goldex,NU-MAIN-8b0264c9,,CMP-6265c407,mining,"Underground, concentrator","Gold, silver",Energy,Natural gas,GJ,86234.0,,2023-Sustainability-Performance_data,SRC_AgnicoEagleMinesLimited_2023-Sustainability-Performance_data
TECH-6e9be24e-2023-1,2023,Site-specific,Barrick Gold Corporation,Hemlo (Williams),ON-MAIN-6e9be24e,,CMP-79bcdb91,mining,"Open-pit, underground, concentrator",Gold,Energy,Electricity consumption|Non-renewable electricity use,GJ,619000.0,,Barrick_2023_Performance-Data,SRC_BarrickGoldCorporation_Barrick_2023_Performance-Data
TECH-6e9be24e-2023-2,2023,Site-specific,Barrick Gold Corporation,Hemlo (Williams),ON-MAIN-6e9be24e,,CMP-79bcdb91,mining,"Open-pit, underground, concentrator",Gold,Energy,Non-renewable fuel use,GJ,301000.0,,Barrick_2023_Performance-Data,SRC_BarrickGoldCorporation_Barrick_2023_Performance-Data
TECH-7607a50e-2023-1,2023,Site-specific,Alamos Gold Inc,Island,ON-MAIN-7607a50e,,CMP-3a4ccc7f,mining,"Underground, concentrator",Gold,Energy,Diesel,GJ,211308.0,,Data_2023.xlsx,SRC_AlamosGoldInc_Data_2023
TECH-7607a50e-2023-2,2023,Site-specific,Alamos Gold Inc,Island,ON-MAIN-7607a50e,,CMP-3a4ccc7f,mining,"Underground, concentrator",Gold,Energy,Electricity consumption,GJ,334179.0,,Data_2023.xlsx,SRC_AlamosGoldInc_Data_2023
TECH-7607a50e-2023-3,2023,Site-specific,Alamos Gold Inc,Island,ON-MAIN-7607a50e,,CMP-3a4ccc7f,mining,"Underground, concentrator",Gold,Energy,Electricity consumption|Generated on-site,GJ,717.0,,Data_2023.xlsx,SRC_AlamosGoldInc_Data_2023
TECH-7607a50e-2023-4,2023,Site-specific,Alamos Gold Inc,Island,ON-MAIN-7607a50e,,CMP-3a4ccc7f,mining,"Underground, concentrator",Gold,Energy,Gasoline,GJ,14406.0,,Data_2023.xlsx,SRC_AlamosGoldInc_Data_2023
TECH-7607a50e-2023-5,2023,Site-specific,Alamos Gold Inc,Island,ON-MAIN-7607a50e,,CMP-3a4ccc7f,mining,"Underground, concentrator",Gold,Energy,Propane,GJ,72011.0,,Data_2023.xlsx,SRC_AlamosGoldInc_Data_2023
TECH-7607a50e-2023-6,2023,Site-specific,Alamos Gold Inc,Island,ON-MAIN-7607a50e,,CMP-3a4ccc7f,mining,"Underground, concentrator",Gold,Material use,Total sodium cyanide used,t,245.0,,Data_2023.xlsx,SRC_AlamosGoldInc_Data_2023
TECH-7607a50e-2023-7,2023,Site-specific,Alamos Gold Inc,Island,ON-MAIN-7607a50e,,CMP-3a4ccc7f,mining,"Underground, concentrator",Gold,Material use,Total blasting agents used e.g. ANFO,t,486.3,,Data_2023.xlsx,SRC_AlamosGoldInc_Data_2023
TECH-b86f7d07-2023-1,2023,Site-specific,Hecla Mining Company,Keno Hill Silver District,QC-MAIN-b86f7d07,,CMP-7e360a1f,mining,"Open-pit, underground, concentrator","Silver, zinc, lead",Energy,Diesel|Mobile equipment,gallons,409793.0,,SR_2023.pdf,SRC_HeclaMiningCompany_SR_2023
TECH-b86f7d07-2023-2,2023,Site-specific,Hecla Mining Company,Keno Hill Silver District,QC-MAIN-b86f7d07,,CMP-7e360a1f,mining,"Open-pit, underground, concentrator","Silver, zinc, lead",Energy,Electricity consumption|Not specified,kWh,17595388.0,,SR_2023.pdf,SRC_HeclaMiningCompany_SR_2023
TECH-b86f7d07-2023-3,2023,Site-specific,Hecla Mining Company,Keno Hill Silver District,QC-MAIN-b86f7d07,,CMP-7e360a1f,mining,"Open-pit, underground, concentrator","Silver, zinc, lead",Energy,Gasoline|Mobile equipment,gallons,67158.0,,SR_2023.pdf,SRC_HeclaMiningCompany_SR_2023
TECH-b86f7d07-2023-4,2023,Site-specific,Hecla Mining Company,Keno Hill Silver District,QC-MAIN-b86f7d07,,CMP-7e360a1f,mining,"Open-pit, underground, concentrator","Silver, zinc, lead",Energy,Propane,gallons,422621.0,,SR_2023.pdf,SRC_HeclaMiningCompany_SR_2023
TECH-b86f7d07-2023-5,2023,Site-specific,Hecla Mining Company,Keno Hill Silver District,QC-MAIN-b86f7d07,,CMP-7e360a1f,mining,"Open-pit, underground, concentrator","Silver, zinc, lead",Energy,Surface/underground emulsion & ANFO,pounds,511210.0,,SR_2023.pdf,SRC_HeclaMiningCompany_SR_2023
TECH-c5fefb01-2023-1,2023,Site-specific,Wesdome Gold Mines Ltd.,Kiena,ON-MAIN-c5fefb01,,CMP-3d2c4955,mining,"Open-pit, concentrator",Gold,Energy,Diesel,kl,1188.0,,ESG_data_2023.xlsx,SRC_WesdomeGoldMinesLtd._ESG_data_2023
TECH-c5fefb01-2023-2,2023,Site-specific,Wesdome Gold Mines Ltd.,Kiena,ON-MAIN-c5fefb01,,CMP-3d2c4955,mining,"Open-pit, concentrator",Gold,Energy,Electricity consumption|Generated on-site,MWh,10684.5,Given in MW in the Excel file but does not make sense,ESG_data_2023.xlsx,SRC_WesdomeGoldMinesLtd._ESG_data_2023
TECH-c5fefb01-2023-3,2023,Site-specific,Wesdome Gold Mines Ltd.,Kiena,ON-MAIN-c5fefb01,,CMP-3d2c4955,mining,"Open-pit, concentrator",Gold,Energy,Electricity consumption|Grid electricity,MWh,32053.5,Given in MW in the Excel file but does not make sense,ESG_data_2023.xlsx,SRC_WesdomeGoldMinesLtd._ESG_data_2023
TECH-c5fefb01-2023-4,2023,Site-specific,Wesdome Gold Mines Ltd.,Kiena,ON-MAIN-c5fefb01,,CMP-3d2c4955,mining,"Open-pit, concentrator",Gold,Energy,Explosives,t,506.0,,ESG_data_2023.xlsx,SRC_WesdomeGoldMinesLtd._ESG_data_2023
TECH-c5fefb01-2023-5,2023,Site-specific,Wesdome Gold Mines Ltd.,Kiena,ON-MAIN-c5fefb01,,CMP-3d2c4955,mining,"Open-pit, concentrator",Gold,Energy,Gasoline,kl,36.0,,ESG_data_2023.xlsx,SRC_WesdomeGoldMinesLtd._ESG_data_2023
TECH-c5fefb01-2023-6,2023,Site-specific,Wesdome Gold Mines Ltd.,Kiena,ON-MAIN-c5fefb01,,CMP-3d2c4955,mining,"Open-pit, concentrator",Gold,Energy,Natural gas,kl,1528.0,,ESG_data_2023.xlsx,SRC_WesdomeGoldMinesLtd._ESG_data_2023
TECH-a3c56a83-2023-1,2023,Site-specific,Impala Canada Ltd,Lac des Iles,ON-MAIN-a3c56a83,,CMP-967076a1,mining,"Open-pit, underground, concentrator","Platinum group metals, gold, nickel, copper, cobalt",Energy,Diesel,kl,13849.0,,ESG_2024.pdf,SRC_ImpalaCanadaLtd_ESG_2024
TECH-a3c56a83-2023-2,2023,Site-specific,Impala Canada Ltd,Lac des Iles,ON-MAIN-a3c56a83,,CMP-967076a1,mining,"Open-pit, underground, concentrator","Platinum group metals, gold, nickel, copper, cobalt",Energy,Electricity consumption|Not specified,GWh,326.0,,ESG_2024.pdf,SRC_ImpalaCanadaLtd_ESG_2024
TECH-a3c56a83-2023-3,2023,Site-specific,Impala Canada Ltd,Lac des Iles,ON-MAIN-a3c56a83,,CMP-967076a1,mining,"Open-pit, underground, concentrator","Platinum group metals, gold, nickel, copper, cobalt",Energy,Petrol,kl,422.0,,ESG_2024.pdf,SRC_ImpalaCanadaLtd_ESG_2024
TECH-f9e41c2a-2023-1,2023,Site-specific,Eldorado Gold,Lamaque,QC-MAIN-f9e41c2a,,CMP-64d60fd7,mining,"Underground, concentrator",Gold,Energy,Diesel|Mobile equipment,GJ,191632.0,,ESG_2023.pdf,SRC_EldoradoGold_ESG_2023
TECH-f9e41c2a-2023-2,2023,Site-specific,Eldorado Gold,Lamaque,QC-MAIN-f9e41c2a,,CMP-64d60fd7,mining,"Underground, concentrator",Gold,Energy,Diesel|Stationary equipment,GJ,181.0,,ESG_2023.pdf,SRC_EldoradoGold_ESG_2023
TECH-f9e41c2a-2023-3,2023,Site-specific,Eldorado Gold,Lamaque,QC-MAIN-f9e41c2a,,CMP-64d60fd7,mining,"Underground, concentrator",Gold,Energy,Electricity consumption|Grid electricity,GJ,276713.0,,ESG_2023.pdf,SRC_EldoradoGold_ESG_2023
TECH-f9e41c2a-2023-4,2023,Site-specific,Eldorado Gold,Lamaque,QC-MAIN-f9e41c2a,,CMP-64d60fd7,mining,"Underground, concentrator",Gold,Energy,Gasoline,GJ,3549.0,,ESG_2023.pdf,SRC_EldoradoGold_ESG_2023
TECH-f9e41c2a-2023-5,2023,Site-specific,Eldorado Gold,Lamaque,QC-MAIN-f9e41c2a,,CMP-64d60fd7,mining,"Underground, concentrator",Gold,Energy,LPG|Mobile equipment,GJ,45.0,,ESG_2023.pdf,SRC_EldoradoGold_ESG_2023
TECH-f9e41c2a-2023-6,2023,Site-specific,Eldorado Gold,Lamaque,QC-MAIN-f9e41c2a,,CMP-64d60fd7,mining,"Underground, concentrator",Gold,Energy,LPG|Stationary equipment,GJ,187.0,,ESG_2023.pdf,SRC_EldoradoGold_ESG_2023
TECH-f9e41c2a-2023-7,2023,Site-specific,Eldorado Gold,Lamaque,QC-MAIN-f9e41c2a,,CMP-64d60fd7,mining,"Underground, concentrator",Gold,Energy,Natural gas,GJ,76904.0,,ESG_2023.pdf,SRC_EldoradoGold_ESG_2023
TECH-4ea8ac9d-2023-1,2023,Site-specific,Agnico Eagle Mines Limited,LaRonde,NU-MAIN-4ea8ac9d,,CMP-6265c407,mining,"Open-pit, underground, concentrator","Gold, zinc, copper, silver, cadmium",Energy,Diesel,GJ,391146.0,,2023-Sustainability-Performance_data,SRC_AgnicoEagleMinesLimited_2023-Sustainability-Performance_data
TECH-4ea8ac9d-2023-2,2023,Site-specific,Agnico Eagle Mines Limited,LaRonde,NU-MAIN-4ea8ac9d,,CMP-6265c407,mining,"Open-pit, underground, concentrator","Gold, zinc, copper, silver, cadmium",Energy,Electricity consumption,kWh,469220285.0,,2023-Sustainability-Performance_data,SRC_AgnicoEagleMinesLimited_2023-Sustainability-Performance_data
TECH-4ea8ac9d-2023-3,2023,Site-specific,Agnico Eagle Mines Limited,LaRonde,NU-MAIN-4ea8ac9d,,CMP-6265c407,mining,"Open-pit, underground, concentrator","Gold, zinc, copper, silver, cadmium",Energy,Explosives,GJ,6280.0,,2023-Sustainability-Performance_data,SRC_AgnicoEagleMinesLimited_2023-Sustainability-Performance_data
TECH-4ea8ac9d-2023-4,2023,Site-specific,Agnico Eagle Mines Limited,LaRonde,NU-MAIN-4ea8ac9d,,CMP-6265c407,mining,"Open-pit, underground, concentrator","Gold, zinc, copper, silver, cadmium",Energy,Light Fuel & Gasoline,GJ,8329.0,,2023-Sustainability-Performance_data,SRC_AgnicoEagleMinesLimited_2023-Sustainability-Performance_data
TECH-4ea8ac9d-2023-5,2023,Site-specific,Agnico Eagle Mines Limited,LaRonde,NU-MAIN-4ea8ac9d,,CMP-6265c407,mining,"Open-pit, underground, concentrator","Gold, zinc, copper, silver, cadmium",Energy,Natural gas,GJ,297435.0,,2023-Sustainability-Performance_data,SRC_AgnicoEagleMinesLimited_2023-Sustainability-Performance_data
TECH-730aefe3-2023-1,2023,Site-specific,Agnico Eagle Mines Limited,Macassa,NU-MAIN-730aefe3,,CMP-6265c407,mining,Concentrator,"Gold, silver",Energy,Diesel,GJ,91423.0,,2023-Sustainability-Performance_data,SRC_AgnicoEagleMinesLimited_2023-Sustainability-Performance_data
TECH-730aefe3-2023-2,2023,Site-specific,Agnico Eagle Mines Limited,Macassa,NU-MAIN-730aefe3,,CMP-6265c407,mining,Concentrator,"Gold, silver",Energy,Electricity consumption,kWh,182554670.0,,2023-Sustainability-Performance_data,SRC_AgnicoEagleMinesLimited_2023-Sustainability-Performance_data
TECH-730aefe3-2023-3,2023,Site-specific,Agnico Eagle Mines Limited,Macassa,NU-MAIN-730aefe3,,CMP-6265c407,mining,Concentrator,"Gold, silver",Energy,Explosives,GJ,82576.0,,2023-Sustainability-Performance_data,SRC_AgnicoEagleMinesLimited_2023-Sustainability-Performance_data
TECH-730aefe3-2023-4,2023,Site-specific,Agnico Eagle Mines Limited,Macassa,NU-MAIN-730aefe3,,CMP-6265c407,mining,Concentrator,"Gold, silver",Energy,Light Fuel & Gasoline,GJ,6440.0,,2023-Sustainability-Performance_data,SRC_AgnicoEagleMinesLimited_2023-Sustainability-Performance_data
TECH-730aefe3-2023-5,2023,Site-specific,Agnico Eagle Mines Limited,Macassa,NU-MAIN-730aefe3,,CMP-6265c407,mining,Concentrator,"Gold, silver",Energy,Natural gas,GJ,327090.0,,2023-Sustainability-Performance_data,SRC_AgnicoEagleMinesLimited_2023-Sustainability-Performance_data
TECH-730aefe3-2023-6,2023,Site-specific,Agnico Eagle Mines Limited,Macassa,NU-MAIN-730aefe3,,CMP-6265c407,mining,Concentrator,"Gold, silver",Energy,Propane,GJ,658.0,,2023-Sustainability-Performance_data,SRC_AgnicoEagleMinesLimited_2023-Sustainability-Performance_data
TECH-GRP-0a2c0d69-2023-1,2023,Facility-group,Agnico Eagle Mines Limited,Meadowbank,,GRP-0a2c0d69,CMP-6265c407,mining,"Open-pit, underground, concentrator",Gold,Energy,Diesel,GJ,3590887.0,,2023-Sustainability-Performance_data,SRC_AgnicoEagleMinesLimited_2023-Sustainability-Performance_data
TECH-GRP-0a2c0d69-2023-2,2023,Facility-group,Agnico Eagle Mines Limited,Meadowbank,,GRP-0a2c0d69,CMP-6265c407,mining,"Open-pit, underground, concentrator",Gold,Energy,Electricity consumption,kWh,164987364.0,,2023-Sustainability-Performance_data,SRC_AgnicoEagleMinesLimited_2023-Sustainability-Performance_data
TECH-GRP-0a2c0d69-2023-3,2023,Facility-group,Agnico Eagle Mines Limited,Meadowbank,,GRP-0a2c0d69,CMP-6265c407,mining,"Open-pit, underground, concentrator",Gold,Energy,Electricity consumption|Generated on-site,kWh,164987364.0,,2023-Sustainability-Performance_data,SRC_AgnicoEagleMinesLimited_2023-Sustainability-Performance_data
TECH-GRP-0a2c0d69-2023-4,2023,Facility-group,Agnico Eagle Mines Limited,Meadowbank,,GRP-0a2c0d69,CMP-6265c407,mining,"Open-pit, underground, concentrator",Gold,Energy,Explosives,GJ,45318.0,,2023-Sustainability-Performance_data,SRC_AgnicoEagleMinesLimited_2023-Sustainability-Performance_data
TECH-GRP-0a2c0d69-2023-5,2023,Facility-group,Agnico Eagle Mines Limited,Meadowbank,,GRP-0a2c0d69,CMP-6265c407,mining,"Open-pit, underground, concentrator",Gold,Energy,Light Fuel & Gasoline,GJ,51161.0,,2023-Sustainability-Performance_data,SRC_AgnicoEagleMinesLimited_2023-Sustainability-Performance_data
TECH-GRP-0a2c0d69-2023-6,2023,Facility-group,Agnico Eagle Mines Limited,Meadowbank,,GRP-0a2c0d69,CMP-6265c407,mining,"Open-pit, underground, concentrator",Gold,Energy,Lubricating Oils & Greases,GJ,7311.0,,2023-Sustainability-Performance_data,SRC_AgnicoEagleMinesLimited_2023-Sustainability-Performance_data
TECH-GRP-0a2c0d69-2023-7,2023,Facility-group,Agnico Eagle Mines Limited,Meadowbank,,GRP-0a2c0d69,CMP-6265c407,mining,"Open-pit, underground, concentrator",Gold,Energy,Propane,GJ,235.0,,2023-Sustainability-Performance_data,SRC_AgnicoEagleMinesLimited_2023-Sustainability-Performance_data
TECH-aeafbb59-2023-1,2023,Site-specific,Agnico Eagle Mines Limited,Meliadine,ON-MAIN-aeafbb59,,CMP-6265c407,mining,"Underground, concentrator",Gold,Energy,Diesel,GJ,1944158.0,,2023-Sustainability-Performance_data,SRC_AgnicoEagleMinesLimited_2023-Sustainability-Performance_data
TECH-aeafbb59-2023-2,2023,Site-specific,Agnico Eagle Mines Limited,Meliadine,ON-MAIN-aeafbb59,,CMP-6265c407,mining,"Underground, concentrator",Gold,Energy,Electricity consumption,kWh,132709926.0,,2023-Sustainability-Performance_data,SRC_AgnicoEagleMinesLimited_2023-Sustainability-Performance_data
TECH-aeafbb59-2023-3,2023,Site-specific,Agnico Eagle Mines Limited,Meliadine,ON-MAIN-aeafbb59,,CMP-6265c407,mining,"Underground, concentrator",Gold,Energy,Electricity consumption|Generated on-site,kWh,132709926.0,,2023-Sustainability-Performance_data,SRC_AgnicoEagleMinesLimited_2023-Sustainability-Performance_data
TECH-aeafbb59-2023-4,2023,Site-specific,Agnico Eagle Mines Limited,Meliadine,ON-MAIN-aeafbb59,,CMP-6265c407,mining,"Underground, concentrator",Gold,Energy,Explosives,GJ,18198.0,,2023-Sustainability-Performance_data,SRC_AgnicoEagleMinesLimited_2023-Sustainability-Performance_data
TECH-aeafbb59-2023-5,2023,Site-specific,Agnico Eagle Mines Limited,Meliadine,ON-MAIN-aeafbb59,,CMP-6265c407,mining,"Underground, concentrator",Gold,Energy,Light Fuel & Gasoline,GJ,5290.0,,2023-Sustainability-Performance_data,SRC_AgnicoEagleMinesLimited_2023-Sustainability-Performance_data
TECH-ed23117f-2023-1,2023,Site-specific,Centerra Gold Inc,Mount Milligan,BC-MAIN-ed23117f,,CMP-fa032e20,mining,"Open-pit, concentrator","Copper, gold, silver",Energy,Diesel,tCO2eq,68884.0,,Data.xlsx,SRC_CenterraGoldInc_Data
TECH-ed23117f-2023-2,2023,Site-specific,Centerra Gold Inc,Mount Milligan,BC-MAIN-ed23117f,,CMP-fa032e20,mining,"Open-pit, concentrator","Copper, gold, silver",Energy,Electricity consumption|Not specified,tCO2eq,7075.0,,Data.xlsx,SRC_CenterraGoldInc_Data
TECH-ed23117f-2023-3,2023,Site-specific,Centerra Gold Inc,Mount Milligan,BC-MAIN-ed23117f,,CMP-fa032e20,mining,"Open-pit, concentrator","Copper, gold, silver",Energy,Explosives,tCO2eq,690.0,,Data.xlsx,SRC_CenterraGoldInc_Data
TECH-ed23117f-2023-4,2023,Site-specific,Centerra Gold Inc,Mount Milligan,BC-MAIN-ed23117f,,CMP-fa032e20,mining,"Open-pit, concentrator","Copper, gold, silver",Energy,Gasoline,tCO2eq,1557.0,,Data.xlsx,SRC_CenterraGoldInc_Data
TECH-ed23117f-2023-5,2023,Site-specific,Centerra Gold Inc,Mount Milligan,BC-MAIN-ed23117f,,CMP-fa032e20,mining,"Open-pit, concentrator","Copper, gold, silver",Energy,Propane,tCO2eq,1362.0,,Data.xlsx,SRC_CenterraGoldInc_Data
TECH-8eb8be0d-2023-1,2023,Site-specific,Newmont Corporation,Musselwhite,BC-MAIN-8eb8be0d,,CMP-4a434d72,mining,Concentrator,"Gold, silver",Energy,Aviation fuel,GJ,27653.22904,,2023-Performance-data.xlsx,SRC_NewmontCorporation_2023-Performance-data
TECH-8eb8be0d-2023-2,2023,Site-specific,Newmont Corporation,Musselwhite,BC-MAIN-8eb8be0d,,CMP-4a434d72,mining,Concentrator,"Gold, silver",Energy,Biodiesel,GJ,11770.3702287417,,2023-Performance-data.xlsx,SRC_NewmontCorporation_2023-Performance-data
TECH-8eb8be0d-2023-3,2023,Site-specific,Newmont Corporation,Musselwhite,BC-MAIN-8eb8be0d,,CMP-4a434d72,mining,Concentrator,"Gold, silver",Material use,Cement,t,9417.6,,Newmont-2023-Performance-Data-Tables-V4-locked.xlsx,SRC_NewmontCorporation_Newmont-2023-Performance-Data-Tables-V4-locked
TECH-8eb8be0d-2023-4,2023,Site-specific,Newmont Corporation,Musselwhite,BC-MAIN-8eb8be0d,,CMP-4a434d72,mining,Concentrator,"Gold, silver",Energy,Diesel,GJ,308614.730821,,2023-Performance-data.xlsx,SRC_NewmontCorporation_2023-Performance-data
TECH-8eb8be0d-2023-5,2023,Site-specific,Newmont Corporation,Musselwhite,BC-MAIN-8eb8be0d,,CMP-4a434d72,mining,Concentrator,"Gold, silver",Energy,Electricity consumption,GJ,509889.6,,2023-Performance-data.xlsx,SRC_NewmontCorporation_2023-Performance-data
TECH-8eb8be0d-2023-6,2023,Site-specific,Newmont Corporation,Musselwhite,BC-MAIN-8eb8be0d,,CMP-4a434d72,mining,Concentrator,"Gold, silver",Energy,Electricity consumption|Generated on-site,GJ,3808.98428206273,,2023-Performance-data.xlsx,SRC_NewmontCorporation_2023-Performance-data
TECH-8eb8be0d-2023-7,2023,Site-specific,Newmont Corporation,Musselwhite,BC-MAIN-8eb8be0d,,CMP-4a434d72,mining,Concentrator,"Gold, silver",Energy,Gasoline,GJ,5437.635,,2023-Performance-data.xlsx,SRC_NewmontCorporation_2023-Performance-data
TECH-8eb8be0d-2023-8,2023,Site-specific,Newmont Corporation,Musselwhite,BC-MAIN-8eb8be0d,,CMP-4a434d72,mining,Concentrator,"Gold, silver",Energy,Grinding media,t,726.071,"Explosives, treated as energy consumption",Newmont-2023-Performance-Data-Tables-V4-locked.xlsx,SRC_NewmontCorporation_Newmont-2023-Performance-Data-Tables-V4-locked
TECH-8eb8be0d-2023-9,2023,Site-specific,Newmont Corporation,Musselwhite,BC-MAIN-8eb8be0d,,CMP-4a434d72,mining,Concentrator,"Gold, silver",Material use,Hydrochloric acid (HCL),kl,57.2,,Newmont-2023-Performance-Data-Tables-V4-locked.xlsx,SRC_NewmontCorporation_Newmont-2023-Performance-Data-Tables-V4-locked
TECH-8eb8be0d-2023-10,2023,Site-specific,Newmont Corporation,Musselwhite,BC-MAIN-8eb8be0d,,CMP-4a434d72,mining,Concentrator,"Gold, silver",Material use,Lime,t,924.081,,Newmont-2023-Performance-Data-Tables-V4-locked.xlsx,SRC_NewmontCorporation_Newmont-2023-Performance-Data-Tables-V4-locked
TECH-8eb8be0d-2023-11,2023,Site-specific,Newmont Corporation,Musselwhite,BC-MAIN-8eb8be0d,,CMP-4a434d72,mining,Concentrator,"Gold, silver",Material use,Lubricants,kl,336.521,,Newmont-2023-Performance-Data-Tables-V4-locked.xlsx,SRC_NewmontCorporation_Newmont-2023-Performance-Data-Tables-V4-locked
TECH-8eb8be0d-2023-12,2023,Site-specific,Newmont Corporation,Musselwhite,BC-MAIN-8eb8be0d,,CMP-4a434d72,mining,Concentrator,"Gold, silver",Energy,Propane,GJ,229891.86895,,2023-Performance-data.xlsx,SRC_NewmontCorporation_2023-Performance-data
TECH-8eb8be0d-2023-13,2023,Site-specific,Newmont Corporation,Musselwhite,BC-MAIN-8eb8be0d,,CMP-4a434d72,mining,Concentrator,"Gold, silver",Material use,Sodium cyanide (NaCN),t,390.003,,Newmont-2023-Performance-Data-Tables-V4-locked.xlsx,SRC_NewmontCorporation_Newmont-2023-Performance-Data-Tables-V4-locked
TECH-8eb8be0d-2023-14,2023,Site-specific,Newmont Corporation,Musselwhite,BC-MAIN-8eb8be0d,,CMP-4a434d72,mining,Concentrator,"Gold, silver",Energy,Solar,GJ,1483.2,,2023-Performance-data.xlsx,SRC_NewmontCorporation_2023-Performance-data
TECH-8eb8be0d-2023-15,2023,Site-specific,Newmont Corporation,Musselwhite,BC-MAIN-8eb8be0d,,CMP-4a434d72,mining,Concentrator,"Gold, silver",Material use,Tires,t,100.705343372947,,Newmont-2023-Performance-Data-Tables-V4-locked.xlsx,SRC_NewmontCorporation_Newmont-2023-Performance-Data-Tables-V4-locked
TECH-aa76f6f2-2023-1,2023,Site-specific,New Gold Inc,New Afton,BC-MAIN-aa76f6f2,,CMP-d94be190,mining,"Open-pit, underground, concentrator","Gold, copper, silver",Material use,2'' balls,t,980.0,,2023-New-Gold-ESG-Data-Factbook.xlsx,SRC_NewGoldInc_2023-New-Gold-ESG-Data-Factbook
TECH-aa76f6f2-2023-2,2023,Site-specific,New Gold Inc,New Afton,BC-MAIN-aa76f6f2,,CMP-d94be190,mining,"Open-pit, underground, concentrator","Gold, copper, silver",Material use,3/4'' balls,t,179.0,,2023-New-Gold-ESG-Data-Factbook.xlsx,SRC_NewGoldInc_2023-New-Gold-ESG-Data-Factbook
TECH-aa76f6f2-2023-3,2023,Site-specific,New Gold Inc,New Afton,BC-MAIN-aa76f6f2,,CMP-d94be190,mining,"Open-pit, underground, concentrator","Gold, copper, silver",Material use,Anti-scalant,kg,38000.0,,2023-New-Gold-ESG-Data-Factbook.xlsx,SRC_NewGoldInc_2023-New-Gold-ESG-Data-Factbook
TECH-aa76f6f2-2023-4,2023,Site-specific,New Gold Inc,New Afton,BC-MAIN-aa76f6f2,,CMP-d94be190,mining,"Open-pit, underground, concentrator","Gold, copper, silver",Energy,Diesel,l,4761600.1,,ESG_data_2023.xlsx,SRC_NewGoldInc_ESG_data_2023
TECH-aa76f6f2-2023-5,2023,Site-specific,New Gold Inc,New Afton,BC-MAIN-aa76f6f2,,CMP-d94be190,mining,"Open-pit, underground, concentrator","Gold, copper, silver",Energy,Electricity consumption,GJ,171984.8235,,ESG_data_2023.xlsx,SRC_NewGoldInc_ESG_data_2023
TECH-aa76f6f2-2023-6,2023,Site-specific,New Gold Inc,New Afton,BC-MAIN-aa76f6f2,,CMP-d94be190,mining,"Open-pit, underground, concentrator","Gold, copper, silver",Energy,Electricity consumption|Generated on-site,GJ,56414.6765,,ESG_data_2023.xlsx,SRC_NewGoldInc_ESG_data_2023
TECH-aa76f6f2-2023-7,2023,Site-specific,New Gold Inc,New Afton,BC-MAIN-aa76f6f2,,CMP-d94be190,mining,"Open-pit, underground, concentrator","Gold, copper, silver",Energy,Explosives,kg,522600.0,,ESG_data_2023.xlsx,SRC_NewGoldInc_ESG_data_2023
TECH-aa76f6f2-2023-8,2023,Site-specific,New Gold Inc,New Afton,BC-MAIN-aa76f6f2,,CMP-d94be190,mining,"Open-pit, underground, concentrator","Gold, copper, silver",Material use,Flocculant,t,192.0,,2023-New-Gold-ESG-Data-Factbook.xlsx,SRC_NewGoldInc_2023-New-Gold-ESG-Data-Factbook
TECH-aa76f6f2-2023-9,2023,Site-specific,New Gold Inc,New Afton,BC-MAIN-aa76f6f2,,CMP-d94be190,mining,"Open-pit, underground, concentrator","Gold, copper, silver",Energy,Gasoline,l,119418.4,,ESG_data_2023.xlsx,SRC_NewGoldInc_ESG_data_2023
TECH-aa76f6f2-2023-10,2023,Site-specific,New Gold Inc,New Afton,BC-MAIN-aa76f6f2,,CMP-d94be190,mining,"Open-pit, underground, concentrator","Gold, copper, silver",Material use,Lime,t,2724.0,,2023-New-Gold-ESG-Data-Factbook.xlsx,SRC_NewGoldInc_2023-New-Gold-ESG-Data-Factbook
TECH-aa76f6f2-2023-11,2023,Site-specific,New Gold Inc,New Afton,BC-MAIN-aa76f6f2,,CMP-d94be190,mining,"Open-pit, underground, concentrator","Gold, copper, silver",Energy,Natural gas,GJ,59198.0,,ESG_data_2023.xlsx,SRC_NewGoldInc_ESG_data_2023
TECH-aa76f6f2-2023-12,2023,Site-specific,New Gold Inc,New Afton,BC-MAIN-aa76f6f2,,CMP-d94be190,mining,"Open-pit, underground, concentrator","Gold, copper, silver",Material use,Polyfroth h57,t,55.0,,2023-New-Gold-ESG-Data-Factbook.xlsx,SRC_NewGoldInc_2023-New-Gold-ESG-Data-Factbook
TECH-aa76f6f2-2023-13,2023,Site-specific,New Gold Inc,New Afton,BC-MAIN-aa76f6f2,,CMP-d94be190,mining,"Open-pit, underground, concentrator","Gold, copper, silver",Energy,Propane,l,31049.5,,ESG_data_2023.xlsx,SRC_NewGoldInc_ESG_data_2023
TECH-aa76f6f2-2023-14,2023,Site-specific,New Gold Inc,New Afton,BC-MAIN-aa76f6f2,,CMP-d94be190,mining,"Open-pit, underground, concentrator","Gold, copper, silver",Material use,S60 SAG Balls,t,583.0,,2023-New-Gold-ESG-Data-Factbook.xlsx,SRC_NewGoldInc_2023-New-Gold-ESG-Data-Factbook
TECH-GRP-0d911886-2023-1,2023,Facility-group,Newmont Corporation,Porcupine,,GRP-0d911886,CMP-4a434d72,mining,"Open-pit, underground",Gold,Energy,Biodiesel,GJ,23524.436671511,,2023-Performance-data.xlsx,SRC_NewmontCorporation_2023-Performance-data
TECH-GRP-0d911886-2023-2,2023,Facility-group,Newmont Corporation,Porcupine,,GRP-0d911886,CMP-4a434d72,mining,"Open-pit, underground",Gold,Material use,Cement,t,12578.0,,Newmont-2023-Performance-Data-Tables-V4-locked.xlsx,SRC_NewmontCorporation_Newmont-2023-Performance-Data-Tables-V4-locked
TECH-GRP-0d911886-2023-3,2023,Facility-group,Newmont Corporation,Porcupine,,GRP-0d911886,CMP-4a434d72,mining,"Open-pit, underground",Gold,Energy,Diesel,GJ,623021.868616,,2023-Performance-data.xlsx,SRC_NewmontCorporation_2023-Performance-data
TECH-GRP-0d911886-2023-4,2023,Facility-group,Newmont Corporation,Porcupine,,GRP-0d911886,CMP-4a434d72,mining,"Open-pit, underground",Gold,Energy,Electricity consumption,GJ,723967.2,,2023-Performance-data.xlsx,SRC_NewmontCorporation_2023-Performance-data
TECH-GRP-0d911886-2023-5,2023,Facility-group,Newmont Corporation,Porcupine,,GRP-0d911886,CMP-4a434d72,mining,"Open-pit, underground",Gold,Energy,Electricity consumption|Generated on-site,GJ,91025.4822599152,,2023-Performance-data.xlsx,SRC_NewmontCorporation_2023-Performance-data
TECH-GRP-0d911886-2023-6,2023,Facility-group,Newmont Corporation,Porcupine,,GRP-0d911886,CMP-4a434d72,mining,"Open-pit, underground",Gold,Energy,Gasoline,GJ,17195.8465,,2023-Performance-data.xlsx,SRC_NewmontCorporation_2023-Performance-data
TECH-GRP-0d911886-2023-7,2023,Facility-group,Newmont Corporation,Porcupine,,GRP-0d911886,CMP-4a434d72,mining,"Open-pit, underground",Gold,Energy,Grinding media,t,1932.222,"Explosives, treated as energy consumption",Newmont-2023-Performance-Data-Tables-V4-locked.xlsx,SRC_NewmontCorporation_Newmont-2023-Performance-Data-Tables-V4-locked
TECH-GRP-0d911886-2023-8,2023,Facility-group,Newmont Corporation,Porcupine,,GRP-0d911886,CMP-4a434d72,mining,"Open-pit, underground",Gold,Material use,Hydrochloric acid (HCL),kl,2.255,,Newmont-2023-Performance-Data-Tables-V4-locked.xlsx,SRC_NewmontCorporation_Newmont-2023-Performance-Data-Tables-V4-locked
TECH-GRP-0d911886-2023-9,2023,Facility-group,Newmont Corporation,Porcupine,,GRP-0d911886,CMP-4a434d72,mining,"Open-pit, underground",Gold,Material use,Lime,t,4346.921,,Newmont-2023-Performance-Data-Tables-V4-locked.xlsx,SRC_NewmontCorporation_Newmont-2023-Performance-Data-Tables-V4-locked
TECH-GRP-0d911886-2023-10,2023,Facility-group,Newmont Corporation,Porcupine,,GRP-0d911886,CMP-4a434d72,mining,"Open-pit, underground",Gold,Material use,Lubricants,kl,619.366,,Newmont-2023-Performance-Data-Tables-V4-locked.xlsx,SRC_NewmontCorporation_Newmont-2023-Performance-Data-Tables-V4-locked
TECH-GRP-0d911886-2023-11,2023,Facility-group,Newmont Corporation,Porcupine,,GRP-0d911886,CMP-4a434d72,mining,"Open-pit, underground",Gold,Energy,Natural gas,GJ,166705.0,,2023-Performance-data.xlsx,SRC_NewmontCorporation_2023-Performance-data
TECH-GRP-0d911886-2023-12,2023,Facility-group,Newmont Corporation,Porcupine,,GRP-0d911886,CMP-4a434d72,mining,"Open-pit, underground",Gold,Material use,Nitric acid (HNO3),l,175.0,,Newmont-2023-Performance-Data-Tables-V4-locked.xlsx,SRC_NewmontCorporation_Newmont-2023-Performance-Data-Tables-V4-locked
TECH-GRP-0d911886-2023-13,2023,Facility-group,Newmont Corporation,Porcupine,,GRP-0d911886,CMP-4a434d72,mining,"Open-pit, underground",Gold,Energy,Propane,GJ,6336.0580703,,2023-Performance-data.xlsx,SRC_NewmontCorporation_2023-Performance-data
TECH-GRP-0d911886-2023-14,2023,Facility-group,Newmont Corporation,Porcupine,,GRP-0d911886,CMP-4a434d72,mining,"Open-pit, underground",Gold,Material use,Sodium cyanide (NaCN),t,734.521,,Newmont-2023-Performance-Data-Tables-V4-locked.xlsx,SRC_NewmontCorporation_Newmont-2023-Performance-Data-Tables-V4-locked
TECH-GRP-0d911886-2023-15,2023,Facility-group,Newmont Corporation,Porcupine,,GRP-0d911886,CMP-4a434d72,mining,"Open-pit, underground",Gold,Material use,Sulfuric acid (H2SO4),l,5.0,,Newmont-2023-Performance-Data-Tables-V4-locked.xlsx,SRC_NewmontCorporation_Newmont-2023-Performance-Data-Tables-V4-locked
TECH-GRP-0d911886-2023-16,2023,Facility-group,Newmont Corporation,Porcupine,,GRP-0d911886,CMP-4a434d72,mining,"Open-pit, underground",Gold,Material use,Tires,t,626.983579787717,,Newmont-2023-Performance-Data-Tables-V4-locked.xlsx,SRC_NewmontCorporation_Newmont-2023-Performance-Data-Tables-V4-locked
TECH-0aadf28f-2023-1,2023,Site-specific,New Gold Inc,Rainy River,ON-MAIN-0aadf28f,,CMP-d94be190,mining,"Underground, concentrator","Gold, silver",Material use,2.5'' balls,t,5977.02,,2023-New-Gold-ESG-Data-Factbook.xlsx,SRC_NewGoldInc_2023-New-Gold-ESG-Data-Factbook
TECH-0aadf28f-2023-2,2023,Site-specific,New Gold Inc,Rainy River,ON-MAIN-0aadf28f,,CMP-d94be190,mining,"Underground, concentrator","Gold, silver",Material use,5.5'' balls,t,2819.39,,2023-New-Gold-ESG-Data-Factbook.xlsx,SRC_NewGoldInc_2023-New-Gold-ESG-Data-Factbook
TECH-0aadf28f-2023-3,2023,Site-specific,New Gold Inc,Rainy River,ON-MAIN-0aadf28f,,CMP-d94be190,mining,"Underground, concentrator","Gold, silver",Material use,Anti-scalant,kg,231239.82,,2023-New-Gold-ESG-Data-Factbook.xlsx,SRC_NewGoldInc_2023-New-Gold-ESG-Data-Factbook
TECH-0aadf28f-2023-4,2023,Site-specific,New Gold Inc,Rainy River,ON-MAIN-0aadf28f,,CMP-d94be190,mining,"Underground, concentrator","Gold, silver",Material use,Caustic soda,t,526.21,,2023-New-Gold-ESG-Data-Factbook.xlsx,SRC_NewGoldInc_2023-New-Gold-ESG-Data-Factbook
TECH-0aadf28f-2023-5,2023,Site-specific,New Gold Inc,Rainy River,ON-MAIN-0aadf28f,,CMP-d94be190,mining,"Underground, concentrator","Gold, silver",Material use,Cyanide,t,2269.57,,2023-New-Gold-ESG-Data-Factbook.xlsx,SRC_NewGoldInc_2023-New-Gold-ESG-Data-Factbook
TECH-0aadf28f-2023-6,2023,Site-specific,New Gold Inc,Rainy River,ON-MAIN-0aadf28f,,CMP-d94be190,mining,"Underground, concentrator","Gold, silver",Energy,Diesel,l,42378137.86,,ESG_data_2023.xlsx,SRC_NewGoldInc_ESG_data_2023
TECH-0aadf28f-2023-7,2023,Site-specific,New Gold Inc,Rainy River,ON-MAIN-0aadf28f,,CMP-d94be190,mining,"Underground, concentrator","Gold, silver",Energy,Electricity consumption,GJ,2919222.0,,ESG_data_2023.xlsx,SRC_NewGoldInc_ESG_data_2023
TECH-0aadf28f-2023-8,2023,Site-specific,New Gold Inc,Rainy River,ON-MAIN-0aadf28f,,CMP-d94be190,mining,"Underground, concentrator","Gold, silver",Energy,Explosives,kg,14805627.0,,ESG_data_2023.xlsx,SRC_NewGoldInc_ESG_data_2023
TECH-0aadf28f-2023-9,2023,Site-specific,New Gold Inc,Rainy River,ON-MAIN-0aadf28f,,CMP-d94be190,mining,"Underground, concentrator","Gold, silver",Material use,Flocculant,t,149.1,,2023-New-Gold-ESG-Data-Factbook.xlsx,SRC_NewGoldInc_2023-New-Gold-ESG-Data-Factbook
TECH-0aadf28f-2023-10,2023,Site-specific,New Gold Inc,Rainy River,ON-MAIN-0aadf28f,,CMP-d94be190,mining,"Underground, concentrator","Gold, silver",Energy,Gasoline,l,1147190.1,,ESG_data_2023.xlsx,SRC_NewGoldInc_ESG_data_2023
TECH-0aadf28f-2023-11,2023,Site-specific,New Gold Inc,Rainy River,ON-MAIN-0aadf28f,,CMP-d94be190,mining,"Underground, concentrator","Gold, silver",Material use,Lime,t,6390.4,,2023-New-Gold-ESG-Data-Factbook.xlsx,SRC_NewGoldInc_2023-New-Gold-ESG-Data-Factbook
TECH-0aadf28f-2023-12,2023,Site-specific,New Gold Inc,Rainy River,ON-MAIN-0aadf28f,,CMP-d94be190,mining,"Underground, concentrator","Gold, silver",Energy,Propane,l,3691412.93,,ESG_data_2023.xlsx,SRC_NewGoldInc_ESG_data_2023
TECH-857b7b89-2023-1,2023,Site-specific,Newmont Corporation,Red Chris,BC-MAIN-857b7b89,,CMP-4a434d72,mining,"Open-pit, concentrator","Gold, copper, silver",Energy,Acetylene,GJ,2.0,,2023-Performance-data.xlsx,SRC_NewmontCorporation_2023-Performance-data
TECH-857b7b89-2023-2,2023,Site-specific,Newmont Corporation,Red Chris,BC-MAIN-857b7b89,,CMP-4a434d72,mining,"Open-pit, concentrator","Gold, copper, silver",Energy,Aviation fuel,GJ,121071.915388,,2023-Performance-data.xlsx,SRC_NewmontCorporation_2023-Performance-data
TECH-857b7b89-2023-3,2023,Site-specific,Newmont Corporation,Red Chris,BC-MAIN-857b7b89,,CMP-4a434d72,mining,"Open-pit, concentrator","Gold, copper, silver",Energy,Diesel,GJ,1361713.858312,,2023-Performance-data.xlsx,SRC_NewmontCorporation_2023-Performance-data
TECH-857b7b89-2023-4,2023,Site-specific,Newmont Corporation,Red Chris,BC-MAIN-857b7b89,,CMP-4a434d72,mining,"Open-pit, concentrator","Gold, copper, silver",Energy,Electricity consumption,GJ,1274584.3416,,2023-Performance-data.xlsx,SRC_NewmontCorporation_2023-Performance-data
TECH-857b7b89-2023-5,2023,Site-specific,Newmont Corporation,Red Chris,BC-MAIN-857b7b89,,CMP-4a434d72,mining,"Open-pit, concentrator","Gold, copper, silver",Energy,Electricity consumption|Generated on-site,GJ,5528.5667,,2023-Performance-data.xlsx,SRC_NewmontCorporation_2023-Performance-data
TECH-857b7b89-2023-6,2023,Site-specific,Newmont Corporation,Red Chris,BC-MAIN-857b7b89,,CMP-4a434d72,mining,"Open-pit, concentrator","Gold, copper, silver",Energy,Gasoline,GJ,25050.76,,2023-Performance-data.xlsx,SRC_NewmontCorporation_2023-Performance-data
TECH-857b7b89-2023-7,2023,Site-specific,Newmont Corporation,Red Chris,BC-MAIN-857b7b89,,CMP-4a434d72,mining,"Open-pit, concentrator","Gold, copper, silver",Energy,Propane,GJ,80313.1858,,2023-Performance-data.xlsx,SRC_NewmontCorporation_2023-Performance-data
TECH-7f050560-2024-1,2024,Site-specific,Evolution Mining Ltd,Red Lake,ON-MAIN-7f050560,,CMP-ca642bce,mining,"Underground, concentrator","Gold, silver",Energy,Diesel,l,3116555.8,,EVN_FY24-ESG-Performance-Data_web.xlsx,SRC_EvolutionMiningLtd_EVN_FY24-ESG-Performance-Data_web
TECH-7f050560-2024-2,2024,Site-specific,Evolution Mining Ltd,Red Lake,ON-MAIN-7f050560,,CMP-ca642bce,mining,"Underground, concentrator","Gold, silver",Energy,Electricity consumption|Grid electricity,kWh,248298644.3585,,EVN_FY24-ESG-Performance-Data_web.xlsx,SRC_EvolutionMiningLtd_EVN_FY24-ESG-Performance-Data_web
TECH-7f050560-2024-3,2024,Site-specific,Evolution Mining Ltd,Red Lake,ON-MAIN-7f050560,,CMP-ca642bce,mining,"Underground, concentrator","Gold, silver",Energy,Gasoline,l,151631.5,,EVN_FY24-ESG-Performance-Data_web.xlsx,SRC_EvolutionMiningLtd_EVN_FY24-ESG-Performance-Data_web
TECH-7f050560-2024-4,2024,Site-specific,Evolution Mining Ltd,Red Lake,ON-MAIN-7f050560,,CMP-ca642bce,mining,"Underground, concentrator","Gold, silver",Energy,LPG,l,640677.799999999,,EVN_FY24-ESG-Performance-Data_web.xlsx,SRC_EvolutionMiningLtd_EVN_FY24-ESG-Performance-Data_web
TECH-7f050560-2024-5,2024,Site-specific,Evolution Mining Ltd,Red Lake,ON-MAIN-7f050560,,CMP-ca642bce,mining,"Underground, concentrator","Gold, silver",Energy,Natural gas,GJ,307233.0,,EVN_FY24-ESG-Performance-Data_web.xlsx,SRC_EvolutionMiningLtd_EVN_FY24-ESG-Performance-Data_web
TECH-b64bae7a-2023-1,2023,Site-specific,Tacora Resources Inc.,Scully,NL-MAIN-b64bae7a,,CMP-8a99044e,mining,"Open-pit, concentrator",Iron,Energy,Diesel,TJ,432.0,,SR_2024.pdf,SRC_TacoraResourcesInc._SR_2024
TECH-b64bae7a-2023-2,2023,Site-specific,Tacora Resources Inc.,Scully,NL-MAIN-b64bae7a,,CMP-8a99044e,mining,"Open-pit, concentrator",Iron,Energy,Electricity consumption|Grid electricity,TJ,1233.0,,ESG_2024.pdf,SRC_TacoraResourcesInc._ESG_2024
TECH-b64bae7a-2023-3,2023,Site-specific,Tacora Resources Inc.,Scully,NL-MAIN-b64bae7a,,CMP-8a99044e,mining,"Open-pit, concentrator",Iron,Energy,Gasoline,TJ,12.0,,SR_2024.pdf,SRC_TacoraResourcesInc._SR_2024
TECH-b64bae7a-2023-4,2023,Site-specific,Tacora Resources Inc.,Scully,NL-MAIN-b64bae7a,,CMP-8a99044e,mining,"Open-pit, concentrator",Iron,Energy,Oil,TJ,1058.0,,SR_2024.pdf,SRC_TacoraResourcesInc._SR_2024
TECH-b64bae7a-2023-5,2023,Site-specific,Tacora Resources Inc.,Scully,NL-MAIN-b64bae7a,,CMP-8a99044e,mining,"Open-pit, concentrator",Iron,Energy,Propane,TJ,1.0,,SR_2024.pdf,SRC_TacoraResourcesInc._SR_2024
TECH-GRP-14bfbb82-2023-1,2023,Facility-group,SSR Mining Inc,Seabee Gold Operation,,GRP-14bfbb82,CMP-4a73c5f8,mining,Underground,Gold,Energy,Diesel,GJ,131655.0,,ESG_2023.pdf,SRC_SSRMiningInc_ESG_2023
TECH-GRP-14bfbb82-2023-2,2023,Facility-group,SSR Mining Inc,Seabee Gold Operation,,GRP-14bfbb82,CMP-4a73c5f8,mining,Underground,Gold,Energy,Electricity consumption|Generated on-site,kWh,452775.0,,ESG_2023.pdf,SRC_SSRMiningInc_ESG_2023
TECH-GRP-14bfbb82-2023-3,2023,Facility-group,SSR Mining Inc,Seabee Gold Operation,,GRP-14bfbb82,CMP-4a73c5f8,mining,Underground,Gold,Energy,Electricity consumption|Grid electricity,kWh,53673624.0,,ESG_2023.pdf,SRC_SSRMiningInc_ESG_2023
TECH-GRP-14bfbb82-2023-4,2023,Facility-group,SSR Mining Inc,Seabee Gold Operation,,GRP-14bfbb82,CMP-4a73c5f8,mining,Underground,Gold,Energy,Other,GJ,10277.0,"Other types are electricity, diesel, natural gas, propane",ESG_2023.pdf,SRC_SSRMiningInc_ESG_2023
TECH-GRP-14bfbb82-2023-5,2023,Facility-group,SSR Mining Inc,Seabee Gold Operation,,GRP-14bfbb82,CMP-4a73c5f8,mining,Underground,Gold,Energy,Propane,GJ,40177.0,,ESG_2023.pdf,SRC_SSRMiningInc_ESG_2023
TECH-GRP-a13779f8-2023-1,2023,Facility-group,Hudbay Minerals Inc,Snow Lake,,GRP-a13779f8,CMP-12afc634,mining,"Open-pit, concentrator","Gold, zinc, copper, silver",Energy,Diesel,TJ,387.2,Share of primary energy source derived from the all group,Hudbay-2023-Integrated-Annual-Report-Performance-Data.xlsx,SRC_HudbayMineralsInc_Hudbay-2023-Integrated-Annual-Report-Performance-Data
TECH-GRP-a13779f8-2023-2,2023,Facility-group,Hudbay Minerals Inc,Snow Lake,,GRP-a13779f8,CMP-12afc634,mining,"Open-pit, concentrator","Gold, zinc, copper, silver",Energy,Electricity consumption,TJ,764.0,,Hudbay-2023-Integrated-Annual-Report-Performance-Data.xlsx,SRC_HudbayMineralsInc_Hudbay-2023-Integrated-Annual-Report-Performance-Data
TECH-GRP-a13779f8-2023-3,2023,Facility-group,Hudbay Minerals Inc,Snow Lake,,GRP-a13779f8,CMP-12afc634,mining,"Open-pit, concentrator","Gold, zinc, copper, silver",Energy,Gasoline,TJ,1.76,Share of primary energy source derived from the all group,Hudbay-2023-Integrated-Annual-Report-Performance-Data.xlsx,SRC_HudbayMineralsInc_Hudbay-2023-Integrated-Annual-Report-Performance-Data
TECH-GRP-a13779f8-2023-4,2023,Facility-group,Hudbay Minerals Inc,Snow Lake,,GRP-a13779f8,CMP-12afc634,mining,"Open-pit, concentrator","Gold, zinc, copper, silver",Energy,Propane,TJ,48.4,Share of primary energy source derived from the all group,Hudbay-2023-Integrated-Annual-Report-Performance-Data.xlsx,SRC_HudbayMineralsInc_Hudbay-2023-Integrated-Annual-Report-Performance-Data
TECH-GRP-147b3123-2023-1,2023,Facility-group,Pan American Silver Corp,Timmins Operation,,GRP-147b3123,CMP-48a36546,mining,"Open-pit, underground",Gold,Energy,Ammonium nitrate,GJ,20.7,,ESG_data_2023.xlsx,SRC_PanAmericanSilverCorp_ESG_data_2023
TECH-GRP-147b3123-2023-2,2023,Facility-group,Pan American Silver Corp,Timmins Operation,,GRP-147b3123,CMP-48a36546,mining,"Open-pit, underground",Gold,Energy,Diesel,GJ,384285.8,,ESG_data_2023.xlsx,SRC_PanAmericanSilverCorp_ESG_data_2023
TECH-GRP-147b3123-2023-3,2023,Facility-group,Pan American Silver Corp,Timmins Operation,,GRP-147b3123,CMP-48a36546,mining,"Open-pit, underground",Gold,Energy,Dynamite,GJ,4889.799999999999,,ESG_data_2023.xlsx,SRC_PanAmericanSilverCorp_ESG_data_2023
TECH-GRP-147b3123-2023-4,2023,Facility-group,Pan American Silver Corp,Timmins Operation,,GRP-147b3123,CMP-48a36546,mining,"Open-pit, underground",Gold,Energy,Electricity consumption,GJ,738226.8,,ESG_data_2023.xlsx,SRC_PanAmericanSilverCorp_ESG_data_2023
TECH-GRP-147b3123-2023-5,2023,Facility-group,Pan American Silver Corp,Timmins Operation,,GRP-147b3123,CMP-48a36546,mining,"Open-pit, underground",Gold,Energy,Electricity consumption|Generated on-site,GJ,317437.52400000003,,ESG_data_2023.xlsx,SRC_PanAmericanSilverCorp_ESG_data_2023
TECH-GRP-147b3123-2023-6,2023,Facility-group,Pan American Silver Corp,Timmins Operation,,GRP-147b3123,CMP-48a36546,mining,"Open-pit, underground",Gold,Energy,Emulsions,GJ,2026.3,"Explosives, treated as energy consumption",ESG_data_2023.xlsx,SRC_PanAmericanSilverCorp_ESG_data_2023
TECH-GRP-147b3123-2023-7,2023,Facility-group,Pan American Silver Corp,Timmins Operation,,GRP-147b3123,CMP-48a36546,mining,"Open-pit, underground",Gold,Energy,Gasoline,GJ,2946.1,,ESG_data_2023.xlsx,SRC_PanAmericanSilverCorp_ESG_data_2023
TECH-GRP-147b3123-2023-8,2023,Facility-group,Pan American Silver Corp,Timmins Operation,,GRP-147b3123,CMP-48a36546,mining,"Open-pit, underground",Gold,Energy,Natural gas,GJ,159325.59885,,ESG_data_2023.xlsx,SRC_PanAmericanSilverCorp_ESG_data_2023
TECH-02884fb5-2023-1,2023,Site-specific,IAMGOLD Corporation,Westwood-Doyon,QC-MAIN-02884fb5,,CMP-3d0a95b7,mining,"Underground, concentrator","Gold, silver",Energy,ANFO,GJ,1530.9,"Explosives, treated as energy consumption",2023_iamgold-esg-performance-data-final_protected,SRC_IAMGOLDCorporation_2023_iamgold-esg-performance-data-final_protected
TECH-02884fb5-2023-2,2023,Site-specific,IAMGOLD Corporation,Westwood-Doyon,QC-MAIN-02884fb5,,CMP-3d0a95b7,mining,"Underground, concentrator","Gold, silver",Material use,Anti-scalant,t,35.4,,2023_iamgold-esg-performance-data-final_protected,SRC_IAMGOLDCorporation_2023_iamgold-esg-performance-data-final_protected
TECH-02884fb5-2023-3,2023,Site-specific,IAMGOLD Corporation,Westwood-Doyon,QC-MAIN-02884fb5,,CMP-3d0a95b7,mining,"Underground, concentrator","Gold, silver",Material use,Carbon,t,60.4,,2023_iamgold-esg-performance-data-final_protected,SRC_IAMGOLDCorporation_2023_iamgold-esg-performance-data-final_protected
TECH-02884fb5-2023-4,2023,Site-specific,IAMGOLD Corporation,Westwood-Doyon,QC-MAIN-02884fb5,,CMP-3d0a95b7,mining,"Underground, concentrator","Gold, silver",Material use,Caustic soda,t,86.6,,2023_iamgold-esg-performance-data-final_protected,SRC_IAMGOLDCorporation_2023_iamgold-esg-performance-data-final_protected
TECH-02884fb5-2023-5,2023,Site-specific,IAMGOLD Corporation,Westwood-Doyon,QC-MAIN-02884fb5,,CMP-3d0a95b7,mining,"Underground, concentrator","Gold, silver",Material use,Compressor oil,t,1.5,,2023_iamgold-esg-performance-data-final_protected,SRC_IAMGOLDCorporation_2023_iamgold-esg-performance-data-final_protected
TECH-02884fb5-2023-6,2023,Site-specific,IAMGOLD Corporation,Westwood-Doyon,QC-MAIN-02884fb5,,CMP-3d0a95b7,mining,"Underground, concentrator","Gold, silver",Material use,Cyanide,t,399.3,,2023_iamgold-esg-performance-data-final_protected,SRC_IAMGOLDCorporation_2023_iamgold-esg-performance-data-final_protected
TECH-02884fb5-2023-7,2023,Site-specific,IAMGOLD Corporation,Westwood-Doyon,QC-MAIN-02884fb5,,CMP-3d0a95b7,mining,"Underground, concentrator","Gold, silver",Energy,Diesel,GJ,206946.0,,2023_iamgold-esg-performance-data-final_protected,SRC_IAMGOLDCorporation_2023_iamgold-esg-performance-data-final_protected
TECH-02884fb5-2023-8,2023,Site-specific,IAMGOLD Corporation,Westwood-Doyon,QC-MAIN-02884fb5,,CMP-3d0a95b7,mining,"Underground, concentrator","Gold, silver",Energy,Electricity consumption|Grid electricity,GJ,525946.7,,2023_iamgold-esg-performance-data-final_protected,SRC_IAMGOLDCorporation_2023_iamgold-esg-performance-data-final_protected
TECH-02884fb5-2023-9,2023,Site-specific,IAMGOLD Corporation,Westwood-Doyon,QC-MAIN-02884fb5,,CMP-3d0a95b7,mining,"Underground, concentrator","Gold, silver",Energy,Emulsion ANFO,GJ,4260.6,"Explosives, treated as energy consumption",2023_iamgold-esg-performance-data-final_protected,SRC_IAMGOLDCorporation_2023_iamgold-esg-performance-data-final_protected
TECH-02884fb5-2023-10,2023,Site-specific,IAMGOLD Corporation,Westwood-Doyon,QC-MAIN-02884fb5,,CMP-3d0a95b7,mining,"Underground, concentrator","Gold, silver",Energy,Explosives,t,1483.4,,2023_iamgold-esg-performance-data-final_protected,SRC_IAMGOLDCorporation_2023_iamgold-esg-performance-data-final_protected
TECH-02884fb5-2023-11,2023,Site-specific,IAMGOLD Corporation,Westwood-Doyon,QC-MAIN-02884fb5,,CMP-3d0a95b7,mining,"Underground, concentrator","Gold, silver",Material use,Flocculant,t,46.2,,2023_iamgold-esg-performance-data-final_protected,SRC_IAMGOLDCorporation_2023_iamgold-esg-performance-data-final_protected
TECH-02884fb5-2023-12,2023,Site-specific,IAMGOLD Corporation,Westwood-Doyon,QC-MAIN-02884fb5,,CMP-3d0a95b7,mining,"Underground, concentrator","Gold, silver",Energy,Gasoline,GJ,3350.8,,2023_iamgold-esg-performance-data-final_protected,SRC_IAMGOLDCorporation_2023_iamgold-esg-performance-data-final_protected
TECH-02884fb5-2023-13,2023,Site-specific,IAMGOLD Corporation,Westwood-Doyon,QC-MAIN-02884fb5,,CMP-3d0a95b7,mining,"Underground, concentrator","Gold, silver",Material use,Grease,t,4.5,,2023_iamgold-esg-performance-data-final_protected,SRC_IAMGOLDCorporation_2023_iamgold-esg-performance-data-final_protected
TECH-02884fb5-2023-14,2023,Site-specific,IAMGOLD Corporation,Westwood-Doyon,QC-MAIN-02884fb5,,CMP-3d0a95b7,mining,"Underground, concentrator","Gold, silver",Material use,Hydraulic oil,t,200.2,,2023_iamgold-esg-performance-data-final_protected,SRC_IAMGOLDCorporation_2023_iamgold-esg-performance-data-final_protected
TECH-02884fb5-2023-15,2023,Site-specific,IAMGOLD Corporation,Westwood-Doyon,QC-MAIN-02884fb5,,CMP-3d0a95b7,mining,"Underground, concentrator","Gold, silver",Material use,Lime,t,5069.3,,2023_iamgold-esg-performance-data-final_protected,SRC_IAMGOLDCorporation_2023_iamgold-esg-performance-data-final_protected
TECH-02884fb5-2023-16,2023,Site-specific,IAMGOLD Corporation,Westwood-Doyon,QC-MAIN-02884fb5,,CMP-3d0a95b7,mining,"Underground, concentrator","Gold, silver",Material use,Motor/drill oil,t,18.9,,2023_iamgold-esg-performance-data-final_protected,SRC_IAMGOLDCorporation_2023_iamgold-esg-performance-data-final_protected
TECH-02884fb5-2023-17,2023,Site-specific,IAMGOLD Corporation,Westwood-Doyon,QC-MAIN-02884fb5,,CMP-3d0a95b7,mining,"Underground, concentrator","Gold, silver",Energy,Natural gas,GJ,63958.3,,2023_iamgold-esg-performance-data-final_protected,SRC_IAMGOLDCorporation_2023_iamgold-esg-performance-data-final_protected
TECH-02884fb5-2023-18,2023,Site-specific,IAMGOLD Corporation,Westwood-Doyon,QC-MAIN-02884fb5,,CMP-3d0a95b7,mining,"Underground, concentrator","Gold, silver",Energy,Propane,GJ,33.0,,2023_iamgold-esg-performance-data-final_protected,SRC_IAMGOLDCorporation_2023_iamgold-esg-performance-data-final_protected
TECH-02884fb5-2023-19,2023,Site-specific,IAMGOLD Corporation,Westwood-Doyon,QC-MAIN-02884fb5,,CMP-3d0a95b7,mining,"Underground, concentrator","Gold, silver",Material use,Sulfur dioxide,t,539.0,,2023_iamgold-esg-performance-data-final_protected,SRC_IAMGOLDCorporation_2023_iamgold-esg-performance-data-final_protected
TECH-02884fb5-2023-20,2023,Site-specific,IAMGOLD Corporation,Westwood-Doyon,QC-MAIN-02884fb5,,CMP-3d0a95b7,mining,"Underground, concentrator","Gold, silver",Material use,Transmission oil,t,8.1,,2023_iamgold-esg-performance-data-final_protected,SRC_IAMGOLDCorporation_2023_iamgold-esg-performance-data-final_protected
TECH-687b8c8d-2023-1,2023,Site-specific,Alamos Gold Inc,Young-Davidson,ON-MAIN-687b8c8d,,CMP-3a4ccc7f,mining,"Underground, concentrator",Gold,Energy,Diesel,GJ,140100.0,,Data_2023.xlsx,SRC_AlamosGoldInc_Data_2023
TECH-687b8c8d-2023-2,2023,Site-specific,Alamos Gold Inc,Young-Davidson,ON-MAIN-687b8c8d,,CMP-3a4ccc7f,mining,"Underground, concentrator",Gold,Energy,Electricity consumption,GJ,960748.0,,Data_2023.xlsx,SRC_AlamosGoldInc_Data_2023
TECH-687b8c8d-2023-3,2023,Site-specific,Alamos Gold Inc,Young-Davidson,ON-MAIN-687b8c8d,,CMP-3a4ccc7f,mining,"Underground, concentrator",Gold,Energy,Electricity consumption|Generated on-site,GJ,475.0,,Data_2023.xlsx,SRC_AlamosGoldInc_Data_2023
TECH-687b8c8d-2023-4,2023,Site-specific,Alamos Gold Inc,Young-Davidson,ON-MAIN-687b8c8d,,CMP-3a4ccc7f,mining,"Underground, concentrator",Gold,Energy,Gasoline,GJ,2124.0,,Data_2023.xlsx,SRC_AlamosGoldInc_Data_2023
TECH-687b8c8d-2023-5,2023,Site-specific,Alamos Gold Inc,Young-Davidson,ON-MAIN-687b8c8d,,CMP-3a4ccc7f,mining,"Underground, concentrator",Gold,Energy,Naphta,GJ,6344.0,,Data_2023.xlsx,SRC_AlamosGoldInc_Data_2023
TECH-687b8c8d-2023-6,2023,Site-specific,Alamos Gold Inc,Young-Davidson,ON-MAIN-687b8c8d,,CMP-3a4ccc7f,mining,"Underground, concentrator",Gold,Energy,Natural gas,GJ,221612.0,,Data_2023.xlsx,SRC_AlamosGoldInc_Data_2023
TECH-687b8c8d-2023-7,2023,Site-specific,Alamos Gold Inc,Young-Davidson,ON-MAIN-687b8c8d,,CMP-3a4ccc7f,mining,"Underground, concentrator",Gold,Energy,Total blasting agents used e.g. ANFO,t,2599.5,"Explosives, treated as energy consumption",Data_2023.xlsx,SRC_AlamosGoldInc_Data_2023
TECH-687b8c8d-2023-8,2023,Site-specific,Alamos Gold Inc,Young-Davidson,ON-MAIN-687b8c8d,,CMP-3a4ccc7f,mining,"Underground, concentrator",Gold,Material use,Total sodium cyanide used,t,1955.7,,Data_2023.xlsx,SRC_AlamosGoldInc_Data_2023
