main_id,facility_name,geometry,jung_priority_point,jung_priority_mean_50km,source_id
QC-MAIN-5801b453,Abcourt-Barvue,POINT (-77.67900999999999 48.521539999999995),25.926612361206704,22.025641025641026,https://doi.org/10.5281/zenodo.5006332
QC-MAIN-d29e0839,Sleeping Giant,POINT (-77.97433999999997 49.13259000000001),13.0,15.775,https://doi.org/10.5281/zenodo.5006332
QC-MAIN-f1ff4920,Akasaba West,POINT (-77.58 48.03999999999999),20.6188881824943,21.125,https://doi.org/10.5281/zenodo.5006332
NU-MAIN-4ea8ac9d,Amaruq,POINT (-96.69700000000002 65.415),63.926999552466384,58.07692307692308,https://doi.org/10.5281/zenodo.5006332
QC-MAIN-e7e6a960,Canadian Malartic,POINT (-78.13082400000002 48.12222300000001),21.186758449496068,21.166666666666668,https://doi.org/10.5281/zenodo.5006332
ON-MAIN-aeafbb59,Detour Lake,POINT (-79.71763099999998 50.018143000000016),16.17795850583877,14.576923076923077,https://doi.org/10.5281/zenodo.5006332
QC-MAIN-c0660aec,Goldex,POINT (-77.87329999999999 48.09259999999998),19.15075338317996,21.525,https://doi.org/10.5281/zenodo.5006332
QC-MAIN-e51eda66,LaRonde,POINT (-78.42799999999997 48.25159999999999),25.00115765812521,21.85,https://doi.org/10.5281/zenodo.5006332
ON-MAIN-1f126a43,Macassa,POINT (-80.071637 48.142528),23.16147565378485,26.844155844155843,https://doi.org/10.5281/zenodo.5006332
NU-MAIN-730aefe3,Meadowbank,POINT (-96.07131299999996 65.01999559999986),50.922237959161244,54.037974683544306,https://doi.org/10.5281/zenodo.5006332
NU-MAIN-8b0264c9,Meliadine,POINT (-92.22020599999993 63.031528999999935),50.8688901138528,54.57534246575342,https://doi.org/10.5281/zenodo.5006332
MB-MAIN-5d21dbd5,Monument Bay,POINT (-92.91401600000002 54.44641499999999),23.267558560686915,25.17721518987342,https://doi.org/10.5281/zenodo.5006332
ON-MAIN-74997012,Upper Beaver,POINT (-79.75999999999998 48.15999999999998),28.505262396055475,26.075949367088608,https://doi.org/10.5281/zenodo.5006332
ON-MAIN-687b8c8d,Island,POINT (-84.449604 48.28566699999998),36.26064495311893,27.358974358974358,https://doi.org/10.5281/zenodo.5006332
ON-MAIN-7607a50e,Young-Davidson,POINT (-80.67443999999999 47.946670000000005),30.685867586011987,27.615384615384617,https://doi.org/10.5281/zenodo.5006332
QC-MAIN-52c01ae4,Baie-Comeau,POINT (-68.1491 49.2562),21.0,27.903846153846153,https://doi.org/10.5281/zenodo.5006332
QC-MAIN-eac5a52b,Deschambault,POINT (-71.9467 46.693900000000006),23.067971340051745,24.765432098765434,https://doi.org/10.5281/zenodo.5006332
QC-MAIN-81a288d0,Elysis,POINT (-71.17565 48.432140000000004),32.587720691904224,24.794871794871796,https://doi.org/10.5281/zenodo.5006332
QC-MAIN-c8966bdc,Bécancour,POINT (-72.3852 46.381),32.0,28.848101265822784,https://doi.org/10.5281/zenodo.5006332
ON-MAIN-eab8c362,Algoma Steel,POINT (-84.36664000000003 46.52055),38.841321852368,30.675675675675677,https://doi.org/10.5281/zenodo.5006332
QC-MAIN-8c7063b2,James Bay Lithium,POINT (-77.06666999999999 52.233329999999995),15.924753369660657,21.415584415584416,https://doi.org/10.5281/zenodo.5006332
BC-MAIN-3ef4f421,Avanti Kitsault,POINT (-129.41899999999995 55.421999999999976),34.287800573958165,31.569620253164558,https://doi.org/10.5281/zenodo.5006332
AB-MAIN-9fed34a8,AltaSteel,POINT (-113.387962 53.492783),57.811978721975834,53.717948717948715,https://doi.org/10.5281/zenodo.5006332
QC-MAIN-33c09b8b,Fire Lake,POINT (-67.36393500000001 52.352998),34.34261583997517,22.28205128205128,https://doi.org/10.5281/zenodo.5006332
QC-MAIN-084bd95c,Mont-Wright,POINT (-67.33005799999998 52.75705299999998),30.48946986553831,21.25,https://doi.org/10.5281/zenodo.5006332
QC-MAIN-1eee4ace,Contrecœur East,POINT (-73.24908099999999 45.837723),31.919354223816658,33.67088607594937,https://doi.org/10.5281/zenodo.5006332
QC-MAIN-844dcc47,Contrecœur West,POINT (-73.26326799999998 45.81993799999999),31.765854318059162,33.47435897435897,https://doi.org/10.5281/zenodo.5006332
QC-MAIN-e25eed27,Port-Cartier,POINT (-66.797531 50.03213),50.70747545491961,27.916666666666668,https://doi.org/10.5281/zenodo.5006332
ON-MAIN-4c35e094,ArcelorMittal Dofasco,POINT (-79.80520399999999 43.26913199999999),47.79800877565438,43.351351351351354,https://doi.org/10.5281/zenodo.5006332
ON-MAIN-8825d90d,Magino,POINT (-84.45744000000002 48.288689999999995),36.16570129649507,27.358974358974358,https://doi.org/10.5281/zenodo.5006332
SK-MAIN-de2e2f8e,Prairie Lithium,POINT (-103.63517999999999 49.21363),75.85953842924332,64.64556962025317,https://doi.org/10.5281/zenodo.5006332
ON-MAIN-e928d96a,Brampton,POINT (-79.72212499999999 43.691066),48.60351831645573,44.30769230769231,https://doi.org/10.5281/zenodo.5006332
NT-MAIN-4f11f183,Nechalacho - Basal Zone,POINT (-112.59971999999995 62.118059999999964),53.74552577917325,49.72727272727273,https://doi.org/10.5281/zenodo.5006332
ON-MAIN-46f71d5b,Separation Rapids,POINT (-94.58257999999998 50.266),35.10041112476961,24.2375,https://doi.org/10.5281/zenodo.5006332
NU-MAIN-5154702a,Mary River,POINT (-78.55686899999999 71.34044600000001),65.67044457460892,70.72727272727273,https://doi.org/10.5281/zenodo.5006332
ON-MAIN-6e9be24e,Hemlo (Williams),POINT (-85.91598 48.69572600000002),26.57985479844793,22.253333333333334,https://doi.org/10.5281/zenodo.5006332
AB-MAIN-8434dce0,Baymag,POINT (-115.21006099999994 51.06002199999998),15.520591272344305,16.2625,https://doi.org/10.5281/zenodo.5006332
YT-MAIN-2cc9bb06,Kudz Ze Kayah,POINT (-130.59893999999994 61.471079999999986),66.65301757099394,56.02597402597402,https://doi.org/10.5281/zenodo.5006332
NL-MAIN-895cb178,Buchans River,POINT (-56.85596499999999 48.82901800000001),37.74163660615248,32.24050632911393,https://doi.org/10.5281/zenodo.5006332
NT-MAIN-6c1d6ee6,Ekati,POINT (-110.61799999999995 64.7149999999999),43.38348321266678,42.34615384615385,https://doi.org/10.5281/zenodo.5006332
NB-MAIN-0c5b40d8,Nash Creek,POINT (-66.09770999999999 47.88938999999996),44.171176769869824,36.65714285714286,https://doi.org/10.5281/zenodo.5006332
ON-MAIN-484e4fa3,Blind River,POINT (-83.017246 46.18089599999999),31.5421577844824,29.805555555555557,https://doi.org/10.5281/zenodo.5006332
SK-MAIN-91cf5448,Cigar Lake,POINT (-104.54123000000003 58.06819000000003),35.72639285821945,30.4,https://doi.org/10.5281/zenodo.5006332
SK-MAIN-bb89158f,Key Lake,POINT (-105.64699999999998 57.206999999999994),23.60450137430375,26.35,https://doi.org/10.5281/zenodo.5006332
SK-MAIN-d3c471e8,McArthur River,POINT (-105.05299999999997 57.76370000000001),36.661117842485865,30.70886075949367,https://doi.org/10.5281/zenodo.5006332
ON-MAIN-237587f6,Port Hope,POINT (-78.2943 43.9429),49.0,43.12765957446808,https://doi.org/10.5281/zenodo.5006332
ON-MAIN-4c5c1179,Crawford,POINT (-81.37309000000002 48.83972),22.90045171594238,21.556962025316455,https://doi.org/10.5281/zenodo.5006332
NB-MAIN-8e04eb21,Murray Brook,POINT (-66.43167 47.525280000000016),26.207795684914434,28.189873417721518,https://doi.org/10.5281/zenodo.5006332
ON-MAIN-37e9571e,Thierry,POINT (-90.34694 51.49666999999999),25.83437793924517,20.01298701298701,https://doi.org/10.5281/zenodo.5006332
NB-MAIN-3e7d42ac,Woodstock,POINT (-67.63999999999999 46.17999999999999),23.703697615707508,26.08974358974359,https://doi.org/10.5281/zenodo.5006332
NU-MAIN-eae1621e,Ferguson Lake,POINT (-96.83306 62.87306000000001),32.60721039548803,28.76923076923077,https://doi.org/10.5281/zenodo.5006332
QC-MAIN-5ce331b8,Nunavik Nickel,POINT (-74.1375 61.420855999999986),18.437037789262188,54.15384615384615,https://doi.org/10.5281/zenodo.5006332
BC-MAIN-eba3e309,Golden Crown,POINT (-118.59 49.09),53.648017161838425,53.57692307692308,https://doi.org/10.5281/zenodo.5006332
BC-MAIN-e34feb4d,Kemess,POINT (-126.77117 57.05037000000001),42.51050154613637,35.282051282051285,https://doi.org/10.5281/zenodo.5006332
BC-MAIN-ed23117f,Mount Milligan,POINT (-124.031 55.118),25.340064658899397,26.615384615384617,https://doi.org/10.5281/zenodo.5006332
QC-MAIN-089f3c60,Bloom Lake,POINT (-67.27999999999997 52.839999999999996),28.37614210361152,22.151898734177216,https://doi.org/10.5281/zenodo.5006332
NL-MAIN-251d6364,Beaver Brook,POINT (-55.195999999999984 48.71590899999998),34.01854403721548,31.2375,https://doi.org/10.5281/zenodo.5006332
ON-MAIN-be399420,Thunder Bay North,POINT (-88.93100000000001 48.79),34.888594436799224,32.62162162162162,https://doi.org/10.5281/zenodo.5006332
QC-MAIN-3330383b,Eldor (Ashram),POINT (-68.40416999999998 56.945829999999994),36.705445313014934,35.79746835443038,https://doi.org/10.5281/zenodo.5006332
MB-MAIN-6fca9d6d,Lynn Lake,POINT (-101.03486 56.852170000000015),22.624738349799305,17.025316455696203,https://doi.org/10.5281/zenodo.5006332
QC-MAIN-d4e2812a,Rose,POINT (-76.17199999999998 52.022485),22.873054782222688,21.743589743589745,https://doi.org/10.5281/zenodo.5006332
AB-MAIN-9a0307f6,SBH Black Shale,POINT (-111.90374999999996 57.68710999999996),34.65921369686075,37.6025641025641,https://doi.org/10.5281/zenodo.5006332
QC-MAIN-715d4318,Horizon,POINT (-73.45082499999997 45.574619999999996),37.44520814787847,33.44871794871795,https://doi.org/10.5281/zenodo.5006332
NT-MAIN-94e652a5,Gahcho Kué,POINT (-109.21193999999998 63.44527999999998),46.750773766761995,44.72727272727273,https://doi.org/10.5281/zenodo.5006332
BC-MAIN-382acb18,Wicheeda,POINT (-122.09912 54.531409999999994),17.48939618229807,22.756410256410255,https://doi.org/10.5281/zenodo.5006332
SK-MAIN-4aef3cb2,Waterbury,POINT (-104.03032 58.3478),29.6178654223846,27.5,https://doi.org/10.5281/zenodo.5006332
SK-MAIN-95ec2625,Wheeler River,POINT (-105.38137 57.50888),25.899954337686378,27.72972972972973,https://doi.org/10.5281/zenodo.5006332
BC-MAIN-51068f3b,Kitsault Valley,POINT (-129.57778 55.75361),49.62683843160713,37.607594936708864,https://doi.org/10.5281/zenodo.5006332
AB-MAIN-7d4a0421,Bashaw District,POINT (-113.93654999999997 51.77696),66.35081039678343,58.949367088607595,https://doi.org/10.5281/zenodo.5006332
QC-MAIN-f9e41c2a,Lamaque,POINT (-77.73962400000002 48.07922100000002),21.088353384340657,21.39240506329114,https://doi.org/10.5281/zenodo.5006332
ON-MAIN-6664e89b,Battery Materials Park,POINT (-79.62229 47.406349999999996),36.584026861843576,32.81012658227848,https://doi.org/10.5281/zenodo.5006332
QC-MAIN-5398dfac,Elkem Chicoutimi,POINT (-71.131239 48.41276899999998),32.99824386393493,24.776315789473685,https://doi.org/10.5281/zenodo.5006332
QC-MAIN-2cf66e65,Becancour Plant,POINT (-72.43333399999999 46.33333199999999),33.11392418320006,30.28205128205128,https://doi.org/10.5281/zenodo.5006332
ON-MAIN-7f050560,Red Lake,POINT (-93.732922 51.050557),25.304299109307504,19.569620253164558,https://doi.org/10.5281/zenodo.5006332
SK-MAIN-26b9aaf3,EVRAZ Regina,POINT (-104.62384299999997 50.51526299999999),62.87770796154496,65.09210526315789,https://doi.org/10.5281/zenodo.5006332
QC-MAIN-c1cc9f7c,Becancour Silicon,POINT (-72.39 46.370000000000005),32.0,29.11392405063291,https://doi.org/10.5281/zenodo.5006332
NL-MAIN-c139de6d,Ming,POINT (-56.08699999999999 49.91499999999998),43.44428841033954,49.36065573770492,https://doi.org/10.5281/zenodo.5006332
NL-MAIN-842ba1b4,Nugget Pond,POINT (-55.7753 49.845),55.62901970724892,54.26,https://doi.org/10.5281/zenodo.5006332
YT-MAIN-ca488f19,Macmillan Pass,POINT (-130.15142999999992 63.160569999999964),63.25189444449622,48.8875,https://doi.org/10.5281/zenodo.5006332
YT-MAIN-70d629b4,Mactung,POINT (-130.1525 63.28222222219999),64.38701277471239,54.12820512820513,https://doi.org/10.5281/zenodo.5006332
BC-MAIN-efff21d3,Deer Horn,POINT (-127.30825999999999 53.36069999999999),15.098328352850656,25.3375,https://doi.org/10.5281/zenodo.5006332
SK-MAIN-0684a5d8,Patterson Lake South,POINT (-109.36399999999999 57.639),42.19227293313609,33.38461538461539,https://doi.org/10.5281/zenodo.5006332
MB-MAIN-f7fde5b4,Minago,POINT (-99.21911999999999 54.109199999999994),21.358134337545707,19.0,https://doi.org/10.5281/zenodo.5006332
QC-MAIN-ae473a4e,Lac Knife,POINT (-67.18178999999999 52.54973999999999),18.41139952605181,20.675324675324674,https://doi.org/10.5281/zenodo.5006332
SK-MAIN-7a11ae49,McIlvenna Bay,POINT (-102.89498 54.65977),17.817308693068384,22.65,https://doi.org/10.5281/zenodo.5006332
AB-MAIN-ca9625ce,Fortune Minerals Refinery,POINT (-112.51350199999999 53.79761499999999),65.21359562590226,61.67948717948718,https://doi.org/10.5281/zenodo.5006332
NT-MAIN-b7cdf82c,NICO,POINT (-116.74582999999997 63.54999999999997),47.755469287070724,47.37179487179487,https://doi.org/10.5281/zenodo.5006332
ON-MAIN-d47616e5,Martison,POINT (-83.41444399999999 50.31444399999998),15.210660901053187,15.460526315789474,https://doi.org/10.5281/zenodo.5006332
BC-MAIN-e1641dfb,Decar,POINT (-125.35969100000001 54.89451299999998),45.70222283888373,42.857142857142854,https://doi.org/10.5281/zenodo.5006332
ON-MAIN-c06904f0,Pakeagama,POINT (-93.37727000000001 52.60026),25.40932513501283,23.82051282051282,https://doi.org/10.5281/zenodo.5006332
ON-MAIN-64bbe7e6,Marathon,POINT (-86.3263 48.787580000000005),30.964965199412582,24.0,https://doi.org/10.5281/zenodo.5006332
QC-MAIN-22426144,REE Recycling Facility (Saint-Bruno),POINT (-73.340812 45.525976),32.813858642799715,33.875,https://doi.org/10.5281/zenodo.5006332
MB-MAIN-0d5c2cae,Selkirk Division,POINT (-96.91116600000001 50.133771),44.49954416441354,41.78481012658228,https://doi.org/10.5281/zenodo.5006332
ON-MAIN-92cdea80,Whitby Division,POINT (-78.91067599999998 43.85190599999999),44.0,45.42,https://doi.org/10.5281/zenodo.5006332
ON-MAIN-bddeaef0,Cambridge Mill,POINT (-80.28 43.36999999999998),44.53223206576523,44.69135802469136,https://doi.org/10.5281/zenodo.5006332
MB-MAIN-b4ca1426,Manitoba Mill,POINT (-96.893633 50.130272999999995),44.200204543100575,41.743589743589745,https://doi.org/10.5281/zenodo.5006332
ON-MAIN-21b6ab35,Whitby Mill,POINT (-78.91 43.859999999999985),44.0,45.3469387755102,https://doi.org/10.5281/zenodo.5006332
QC-MAIN-de3d8b7b,Canadian Electrolytic Zinc Limited (CEZinc),POINT (-74.097205 45.228312),32.16891588268851,32.848101265822784,https://doi.org/10.5281/zenodo.5006332
QC-MAIN-529c96b4,CCR,POINT (-73.511778 45.627518),40.96472511891879,32.77215189873418,https://doi.org/10.5281/zenodo.5006332
ON-MAIN-206041d1,Fraser,POINT (-81.34039999999999 46.663300000000014),35.04844090805862,33.888888888888886,https://doi.org/10.5281/zenodo.5006332
QC-MAIN-abb3e1c7,General Smelting Company of Canada,POINT (-73.67634499999998 45.44851800000001),29.692496053699866,32.89873417721519,https://doi.org/10.5281/zenodo.5006332
QC-MAIN-30c1828c,Horne,POINT (-79.0151 48.2534),30.930681333036173,23.064102564102566,https://doi.org/10.5281/zenodo.5006332
ON-MAIN-f8313ebd,Kidd Creek,POINT (-81.36999999999998 48.68939999999998),26.823989506525177,21.64,https://doi.org/10.5281/zenodo.5006332
ON-MAIN-fcb287a4,Nickel Rim South,POINT (-80.79679299999997 46.65798199999998),40.104995995688995,34.8051948051948,https://doi.org/10.5281/zenodo.5006332
ON-MAIN-319e04a8,Onaping Depth,POINT (-81.38387799999998 46.63201899999998),33.443969025957294,33.935064935064936,https://doi.org/10.5281/zenodo.5006332
QC-MAIN-a97821c0,Raglan,POINT (-73.674669 61.68717099999999),67.2840719650078,61.243589743589745,https://doi.org/10.5281/zenodo.5006332
ON-MAIN-ed85ac94,Strathcona,POINT (-81.34269999999998 46.67339999999999),34.97562683153518,34.01234567901235,https://doi.org/10.5281/zenodo.5006332
ON-MAIN-40ce0593,Sudbury,POINT (-80.7993 46.576299999999996),43.39898683680941,35.05,https://doi.org/10.5281/zenodo.5006332
BC-MAIN-4724f4ba,Elk,POINT (-120.31486999999997 49.853799999999985),59.902234794589525,55.58227848101266,https://doi.org/10.5281/zenodo.5006332
YT-MAIN-956d050a,Carmacks,POINT (-136.69999999999996 62.330000000000005),65.02660376589148,65.63636363636364,https://doi.org/10.5281/zenodo.5006332
ON-MAIN-97ee890f,Seymour Lake,POINT (-88.44910000000002 50.409870000000005),24.295763072481023,23.026315789473685,https://doi.org/10.5281/zenodo.5006332
MB-MAIN-27a90834,Makwa Mayville,POINT (-95.60953 50.62980000000002),23.022279641377057,21.151898734177216,https://doi.org/10.5281/zenodo.5006332
SK-MAIN-fbe28fef,Kindersley Lithium,POINT (-109.19120556000001 51.73894139000001),65.06555051143253,65.7051282051282,https://doi.org/10.5281/zenodo.5006332
BC-MAIN-b031959a,Turnagain,POINT (-128.86281999999997 58.47855999999998),39.20654128134561,43.164556962025316,https://doi.org/10.5281/zenodo.5006332
QC-MAIN-b86f7d07,Casa Berardi,POINT (-79.231307 49.5719),13.041735641959564,14.4125,https://doi.org/10.5281/zenodo.5006332
YT-MAIN-44857446,Keno Hill Silver District,POINT (-135.48329999999999 63.91669999999995),62.920076518772255,61.52564102564103,https://doi.org/10.5281/zenodo.5006332
YT-MAIN-c3105f43,Rackla Gold,POINT (-134.41277999999994 64.19666999999994),57.4782543045238,59.278481012658226,https://doi.org/10.5281/zenodo.5006332
ON-MAIN-fc6f1a44,Ivaco Rolling Mills,POINT (-74.704435 45.611899999999984),31.7312452638262,30.103896103896105,https://doi.org/10.5281/zenodo.5006332
MB-MAIN-e2e67f8f,1901,POINT (-100.134 54.8557),23.254348003967465,19.620253164556964,https://doi.org/10.5281/zenodo.5006332
BC-MAIN-599152a0,Copper Mountain,POINT (-120.53300000000002 49.33100000000002),48.98963924059159,38.5679012345679,https://doi.org/10.5281/zenodo.5006332
MB-MAIN-be5b3dc8,Lalor Lake,POINT (-100.13333 54.866669999999985),22.873609344660412,19.78481012658228,https://doi.org/10.5281/zenodo.5006332
MB-MAIN-da0b5c3d,New Britannia,POINT (-100.02400199999997 54.88634899999998),24.203841720130264,19.833333333333332,https://doi.org/10.5281/zenodo.5006332
MB-MAIN-c0684566,Rail,POINT (-100.5916 54.74629999999998),27.203024383657343,18.746835443037973,https://doi.org/10.5281/zenodo.5006332
MB-MAIN-0898e255,Stall Lake,POINT (-99.94509999999995 54.85692000000002),22.973763144667274,19.71794871794872,https://doi.org/10.5281/zenodo.5006332
MB-MAIN-854abe09,Talbot,POINT (-99.63429999999998 54.113299999999995),25.89185384846668,21.329113924050635,https://doi.org/10.5281/zenodo.5006332
MB-MAIN-1a82a1b7,Tower,POINT (-99.22839999999995 53.9623),23.36417150152527,21.073529411764707,https://doi.org/10.5281/zenodo.5006332
MB-MAIN-b5b81ee3,Wim,POINT (-100.05247999999997 55.02135999999998),25.981868978800392,20.2375,https://doi.org/10.5281/zenodo.5006332
QC-MAIN-02884fb5,Westwood-Doyon,POINT (-78.50199999999998 48.25599999999998),24.10940242793496,22.141025641025642,https://doi.org/10.5281/zenodo.5006332
ON-MAIN-a3c56a83,Lac des Iles,POINT (-89.61049999999996 49.169099999999986),36.465927288660446,32.48717948717949,https://doi.org/10.5281/zenodo.5006332
BC-MAIN-3f490561,Mount Polley,POINT (-121.63393100000002 52.54495899999999),33.58275995320218,40.25974025974026,https://doi.org/10.5281/zenodo.5006332
QC-MAIN-586679b9,Crater Lake,POINT (-63.8991 55.35025000000002),35.287257897537074,33.8875,https://doi.org/10.5281/zenodo.5006332
NL-MAIN-dd723db4,Carol Lake,POINT (-66.936774 53.03975500000001),26.90855250927946,23.55128205128205,https://doi.org/10.5281/zenodo.5006332
ON-MAIN-7001a391,McCreedy West,POINT (-81.39893999999998 46.638059),33.14233695633108,34.0,https://doi.org/10.5281/zenodo.5006332
ON-MAIN-9a34108c,Victoria,POINT (-81.38332999999999 46.41666999999999),34.96808512014548,30.625,https://doi.org/10.5281/zenodo.5006332
ON-MAIN-6bd6cc80,Kingston Operation,POINT (-76.5121 44.261499999999984),35.502061206811405,33.0,https://doi.org/10.5281/zenodo.5006332
MB-MAIN-a832fb0a,East Wekusko - Snow Lake,POINT (-99.77142999999998 54.78533999999999),23.07051279946351,19.233766233766232,https://doi.org/10.5281/zenodo.5006332
BC-MAIN-12730593,Kutcho,POINT (-128.3873599999999 58.20995999999999),46.179395670399515,43.7,https://doi.org/10.5281/zenodo.5006332
ON-MAIN-575c5e66,Ontario Spoke,POINT (-76.5 44.233334000000006),35.27360198291371,32.93421052631579,https://doi.org/10.5281/zenodo.5006332
ON-MAIN-6b998583,Markham lithium reprocessing facility,POINT (-79.3415 43.833099999999995),55.43612259468308,46.355932203389834,https://doi.org/10.5281/zenodo.5006332
QC-MAIN-0414a373,Lithion St-Bruno,POINT (-73.34999799999999 45.533333),33.14131219283988,34.0253164556962,https://doi.org/10.5281/zenodo.5006332
AB-MAIN-35d0dc71,Boardwalk,POINT (-117.16342700000003 54.94679200000001),43.17946239624635,37.5125,https://doi.org/10.5281/zenodo.5006332
QC-MAIN-a2c6775d,La Loutre,POINT (-74.99713999999999 46.03655999999999),23.981476548769805,22.9625,https://doi.org/10.5281/zenodo.5006332
ON-MAIN-b1d981ca,Crean Hill,POINT (-81.36166999999999 46.42472),35.48522719616513,30.833333333333332,https://doi.org/10.5281/zenodo.5006332
ON-MAIN-54b7e152,Shakespeare,POINT (-81.85944 46.33416999999999),32.82587719433525,28.0,https://doi.org/10.5281/zenodo.5006332
QC-MAIN-aa793d35,Dumont Nickel,POINT (-78.44250000000001 48.64667000000001),25.25822125612879,23.0,https://doi.org/10.5281/zenodo.5006332
QC-MAIN-649d2873,Niobec Converter,POINT (-71.158168 48.53173799999999),28.736913739746186,24.558441558441558,https://doi.org/10.5281/zenodo.5006332
QC-MAIN-a555d9b9,Niobec,POINT (-71.15692899999998 48.53214799999999),28.679509366182238,24.558441558441558,https://doi.org/10.5281/zenodo.5006332
NB-MAIN-c1e4dee0,Battery Hill,POINT (-67.62546999999999 46.22531),29.463370724602008,26.160493827160494,https://doi.org/10.5281/zenodo.5006332
NL-MAIN-f021107e,Point Rousse,POINT (-56.12444699999999 49.961420000000004),48.57897921341301,47.23809523809524,https://doi.org/10.5281/zenodo.5006332
QC-MAIN-615ebdb4,Lac Guéret (Uatnan),POINT (-69.1 51.139999999999986),34.792091371404595,27.329113924050635,https://doi.org/10.5281/zenodo.5006332
ON-MAIN-470b504b,Ottawa Plant,POINT (-75.56239099999998 45.298041999999995),32.80683424430279,35.25316455696203,https://doi.org/10.5281/zenodo.5006332
ON-MAIN-4e0734b5,Fox Complex,POINT (-80.34081400000001 48.534362000000016),23.776239669852718,23.192307692307693,https://doi.org/10.5281/zenodo.5006332
QC-MAIN-237d67c1,Lac Rainy Graphite,POINT (-67.07596999999998 52.60511),19.299185767069037,21.576923076923077,https://doi.org/10.5281/zenodo.5006332
BC-MAIN-c7247100,Driftwood Creek,POINT (-116.57499999999997 50.903999999999996),42.82312580509583,39.392405063291136,https://doi.org/10.5281/zenodo.5006332
YT-MAIN-752fbcae,Minto,POINT (-137.23858 62.618875),66.74055135850755,65.44444444444444,https://doi.org/10.5281/zenodo.5006332
NU-MAIN-8e62bfbc,High Lake,POINT (-110.84359999999992 67.37555999999995),63.54236536168064,67.1038961038961,https://doi.org/10.5281/zenodo.5006332
NU-MAIN-1ef8af2c,Izok Lake,POINT (-112.79889000000001 65.63056000000002),37.276864910764324,44.5125,https://doi.org/10.5281/zenodo.5006332
QC-MAIN-eb73fd68,Nemaska lithium conversion facility,POINT (-72.43333399999999 46.33333199999999),33.11392418320006,30.28205128205128,https://doi.org/10.5281/zenodo.5006332
QC-MAIN-9d41d417,Whabouchi,POINT (-75.85332999999999 51.67972),23.171675993816958,21.468354430379748,https://doi.org/10.5281/zenodo.5006332
ON-MAIN-2bb07cd3,River Valley,POINT (-80.27605999999997 46.70591),30.857718826296875,32.43037974683544,https://doi.org/10.5281/zenodo.5006332
BC-MAIN-aa76f6f2,New Afton,POINT (-120.514 50.660999999999994),69.9753787350365,56.4875,https://doi.org/10.5281/zenodo.5006332
ON-MAIN-0aadf28f,Rainy River,POINT (-94.01200000000001 48.83300000000001),25.0147914647783,23.53846153846154,https://doi.org/10.5281/zenodo.5006332
ON-MAIN-1c674cd0,Borden,POINT (-83.26098099999999 47.871883),26.861256173560687,23.0,https://doi.org/10.5281/zenodo.5006332
BC-MAIN-857b7b89,Brucejack,POINT (-130.21783 56.47554000000001),58.60117436661588,47.01282051282051,https://doi.org/10.5281/zenodo.5006332
BC-MAIN-c720b195,GJ,POINT (-130.25000000000003 57.63),48.62778876969833,34.81578947368421,https://doi.org/10.5281/zenodo.5006332
ON-MAIN-8629a493,Hollinger,POINT (-81.31313999999999 48.47329999999998),26.049845023400756,22.1625,https://doi.org/10.5281/zenodo.5006332
ON-MAIN-538513cd,Hoyle Pond,POINT (-81.10829999999999 48.5519),22.471235516991847,22.96153846153846,https://doi.org/10.5281/zenodo.5006332
ON-MAIN-fefeaee4,Musselwhite,POINT (-90.36359999999996 52.612699999999975),20.162444121318572,22.78481012658228,https://doi.org/10.5281/zenodo.5006332
ON-MAIN-3b3e5365,Porcupine,POINT (-81.242719 48.463510999999976),25.84521526639788,22.5,https://doi.org/10.5281/zenodo.5006332
BC-MAIN-8eb8be0d,Red Chris,POINT (-129.78333000000003 57.700000000000024),34.572797969267,27.873417721518987,https://doi.org/10.5281/zenodo.5006332
QC-MAIN-6dc537e6,Éléonore,POINT (-76.08666999999998 52.698889999999984),24.687351271872938,24.807692307692307,https://doi.org/10.5281/zenodo.5006332
BC-MAIN-b4655afb,Galore Creek,POINT (-131.44999999999993 57.12999999999999),53.019668297559754,52.037974683544306,https://doi.org/10.5281/zenodo.5006332
SK-MAIN-3012889c,Rook I,POINT (-108.99250000000002 57.59144),35.23265804473739,36.2625,https://doi.org/10.5281/zenodo.5006332
YT-MAIN-1910d1c3,Nickel Shaw,POINT (-139.53333 61.46667000000001),65.05678200266028,48.175,https://doi.org/10.5281/zenodo.5006332
QC-MAIN-288718a6,Crevier,POINT (-72.7644 49.460029999999996),23.345610795740967,25.216216216216218,https://doi.org/10.5281/zenodo.5006332
NB-MAIN-f58cc895,Sisson,POINT (-67.045 46.364999999999995),20.8026456556391,25.78205128205128,https://doi.org/10.5281/zenodo.5006332
ON-MAIN-8b86d975,Bissett Creek,POINT (-78.05991999999999 46.11814),21.00590906846161,21.833333333333332,https://doi.org/10.5281/zenodo.5006332
BC-MAIN-6fbdcf4c,North Island,POINT (-127.85639 50.67556000000001),22.17252979400959,35.15873015873016,https://doi.org/10.5281/zenodo.5006332
BC-MAIN-265a57f6,Kwanika,POINT (-125.27126799999999 55.41530300000001),27.675182087956728,34.0,https://doi.org/10.5281/zenodo.5006332
NT-MAIN-b3681e03,Prairie Creek,POINT (-124.79937999999999 61.55712999999999),30.18370146720645,11.265822784810126,https://doi.org/10.5281/zenodo.5006332
QC-MAIN-d6748d40,Matawinie,POINT (-73.9212 46.61727999999999),22.0,20.636363636363637,https://doi.org/10.5281/zenodo.5006332
QC-MAIN-69bb36c1,Caber Complex,POINT (-77.93664399999997 49.77316299999999),16.53773732872786,14.846153846153847,https://doi.org/10.5281/zenodo.5006332
SK-MAIN-60ba74c4,McClean Lake,POINT (-103.83609999999994 58.347199999999994),28.96489532363609,26.883116883116884,https://doi.org/10.5281/zenodo.5006332
NT-MAIN-b99d4cb2,Pine Point,POINT (-114.38652000000003 60.87216000000001),33.12196724781688,20.763636363636362,https://doi.org/10.5281/zenodo.5006332
NL-MAIN-a498ddc6,Michelin,POINT (-59.98399999999999 54.58399999999999),39.42903480435086,36.5,https://doi.org/10.5281/zenodo.5006332
ON-MAIN-bfbcd72e,Bell Creek,POINT (-81.17799999999997 48.553),24.143606208825876,22.5625,https://doi.org/10.5281/zenodo.5006332
ON-MAIN-f3e6ff08,Timmins West,POINT (-81.549826 48.383274999999976),23.688294238584035,21.73076923076923,https://doi.org/10.5281/zenodo.5006332
QC-MAIN-3aa117d8,Alma,POINT (-71.6897 48.58469999999999),32.624085179990274,27.0,https://doi.org/10.5281/zenodo.5006332
QC-MAIN-c1c7eb99,Arvida,POINT (-71.16552099999998 48.430174),32.62938283813446,24.82278481012658,https://doi.org/10.5281/zenodo.5006332
QC-MAIN-01c1e81f,Grande-Baie,POINT (-70.92579999999998 48.3058),23.593826368373602,22.358974358974358,https://doi.org/10.5281/zenodo.5006332
BC-MAIN-eb47f7c7,Kitimat,POINT (-128.69539999999995 53.997600000000006),25.920201845230796,31.26923076923077,https://doi.org/10.5281/zenodo.5006332
QC-MAIN-c0e3a48b,Laterrière,POINT (-71.12870000000001 48.3013),25.18260067253385,24.341772151898734,https://doi.org/10.5281/zenodo.5006332
QC-MAIN-92628f16,Vaudreuil,POINT (-71.15791899999999 48.428475999999996),32.665366188987264,24.734177215189874,https://doi.org/10.5281/zenodo.5006332
QC-MAIN-8d6616b4,Alouette,POINT (-66.4429 50.1571),48.00364526848242,28.304347826086957,https://doi.org/10.5281/zenodo.5006332
NT-MAIN-0ec39ce0,Diavik,POINT (-110.27200000000002 64.49499999999993),41.09652567530091,40.81012658227848,https://doi.org/10.5281/zenodo.5006332
QC-MAIN-e82266c5,Lac Tio,POINT (-63.416 50.5541),30.908899886365795,33.91549295774648,https://doi.org/10.5281/zenodo.5006332
QC-MAIN-11c40b1f,Lithium Demonstration Plant,POINT (-73.139626 46.04372699999998),32.4621214288231,31.658227848101266,https://doi.org/10.5281/zenodo.5006332
QC-MAIN-3e146840,Rio Tinto Iron and Titanium,POINT (-73.13842400000001 46.045907),32.36156649253281,31.65,https://doi.org/10.5281/zenodo.5006332
QC-MAIN-7b3b4c8b,Scandium Demonstration Plant,POINT (-73.139626 46.04372699999998),32.4621214288231,31.658227848101266,https://doi.org/10.5281/zenodo.5006332
ON-MAIN-eda110b0,Georgia Lake,POINT (-88.00297999999998 49.45235999999999),32.636354762608164,31.63157894736842,https://doi.org/10.5281/zenodo.5006332
YT-MAIN-73ce66b5,Klaza,POINT (-137.31749999999997 62.141169999999995),68.88170902716558,65.8375,https://doi.org/10.5281/zenodo.5006332
BC-MAIN-116ae608,Revel Ridge,POINT (-118.12099999999997 51.28699999999998),33.63198352853679,35.848101265822784,https://doi.org/10.5281/zenodo.5006332
ON-MAIN-dca9cce7,Ottawa,POINT (-75.69922000000001 45.43133200000001),40.18335020640999,34.32,https://doi.org/10.5281/zenodo.5006332
SK-MAIN-d5c9124e,Rare Earth Processing Facility,POINT (-106.62736999999998 52.14003269999999),63.94556866792675,61.285714285714285,https://doi.org/10.5281/zenodo.5006332
QC-MAIN-c4fb59c2,Moblan,POINT (-74.91214999999998 50.731759999999994),21.739916480440105,20.455696202531644,https://doi.org/10.5281/zenodo.5006332
QC-MAIN-1186a6d0,Authier,POINT (-78.19557000000002 48.362069999999996),22.575772778610077,22.29113924050633,https://doi.org/10.5281/zenodo.5006332
QC-MAIN-dc1a16f9,North American Lithium,POINT (-77.80934 48.411500000000004),26.44900823673438,23.53846153846154,https://doi.org/10.5281/zenodo.5006332
BC-MAIN-b7591127,Iskut,POINT (-131.09249999999992 56.666669999999996),36.92277397514685,43.32911392405063,https://doi.org/10.5281/zenodo.5006332
BC-MAIN-4959ea63,KSM,POINT (-130.33556000000002 56.466660000000026),48.60391502784534,47.21518987341772,https://doi.org/10.5281/zenodo.5006332
YT-MAIN-03a159d7,Selwyn,POINT (-129.20010999999994 62.45541999999999),26.736979950198453,32.860759493670884,https://doi.org/10.5281/zenodo.5006332
AB-MAIN-d3a4aba9,The Cobalt Refinery Company Inc.,POINT (-113.19010999999998 53.71992899999999),45.50332440791119,53.379746835443036,https://doi.org/10.5281/zenodo.5006332
ON-MAIN-f4fc3276,Sugar Zone,POINT (-85.00400999999998 48.80495999999997),23.425143860750662,26.12987012987013,https://doi.org/10.5281/zenodo.5006332
MB-MAIN-915d9faa,Tanco,POINT (-95.45019999999997 50.42910000000001),21.231482413175833,23.582278481012658,https://doi.org/10.5281/zenodo.5006332
BC-MAIN-b1fe389a,Eskay Creek,POINT (-130.42999999999998 56.653000000000006),52.0553589262931,49.225,https://doi.org/10.5281/zenodo.5006332
QC-MAIN-1d2f31f9,Kwyjibo,POINT (-65.26563999999999 51.04975000000001),36.35430486713652,30.78205128205128,https://doi.org/10.5281/zenodo.5006332
NL-MAIN-bb23d8a6,Great Burnt Lake,POINT (-56.13439999999999 48.3758),26.33648616532745,25.67948717948718,https://doi.org/10.5281/zenodo.5006332
SK-MAIN-22ce14be,Santoy,POINT (-103.41457099999998 55.667779999999986),15.014061218558652,21.1,https://doi.org/10.5281/zenodo.5006332
SK-MAIN-29afbdb5,Seabee,POINT (-103.62225700000002 55.68377200000001),15.061019509586572,21.974025974025974,https://doi.org/10.5281/zenodo.5006332
NS-MAIN-c9c77a59,Moose River Consolidated,POINT (-62.94291999999999 44.982429999999994),18.038788140725956,27.507462686567163,https://doi.org/10.5281/zenodo.5006332
ON-MAIN-020a683c,Hamilton Works,POINT (-79.81900000000002 43.275000000000006),47.54550527332895,43.47945205479452,https://doi.org/10.5281/zenodo.5006332
ON-MAIN-b2e5c9bb,Lake Erie Works,POINT (-80.0937 42.800100000000015),35.551834809019056,41.07272727272727,https://doi.org/10.5281/zenodo.5006332
QC-MAIN-3032c251,Renard,POINT (-72.190579 52.813913),24.702382048061736,22.858974358974358,https://doi.org/10.5281/zenodo.5006332
QC-MAIN-b5937543,Blackrock,POINT (-74.06211299999998 49.800453000000005),24.56464169215041,22.25925925925926,https://doi.org/10.5281/zenodo.5006332
QC-MAIN-64595b02,Blackrock Pyrometallurgical Facility,POINT (-70.85484099999998 48.399648),30.296999621182408,21.9873417721519,https://doi.org/10.5281/zenodo.5006332
BC-MAIN-a505d25d,Ootsa,POINT (-127.08333000000002 53.63333000000001),25.787021675503723,26.128205128205128,https://doi.org/10.5281/zenodo.5006332
BC-MAIN-c5d1b42d,Berg,POINT (-127.43100000000003 53.802),51.86536461349535,29.923076923076923,https://doi.org/10.5281/zenodo.5006332
QC-MAIN-6a26086e,Sorel Forge,POINT (-73.124998 46.045865),32.431927482817144,31.625,https://doi.org/10.5281/zenodo.5006332
NL-MAIN-b64bae7a,Scully,POINT (-66.91257299999998 52.907129),24.51817197279928,23.037974683544302,https://doi.org/10.5281/zenodo.5006332
NL-MAIN-18695c6d,Scully Mine - Manganese project,POINT (-66.91222 52.918060000000004),24.723094545428687,22.96153846153846,https://doi.org/10.5281/zenodo.5006332
ON-MAIN-1aa10efa,Kenbridge,POINT (-93.6347 49.48356999999999),19.193098161471745,20.860759493670887,https://doi.org/10.5281/zenodo.5006332
BC-MAIN-23f67ea8,Aley,POINT (-123.77829 56.447100000000006),35.63238375836052,30.645569620253166,https://doi.org/10.5281/zenodo.5006332
BC-MAIN-6b4800fe,Gibraltar,POINT (-122.28715999999994 52.52849499999998),53.79301478776712,49.54054054054054,https://doi.org/10.5281/zenodo.5006332
BC-MAIN-18bed6d7,Yellowhead,POINT (-119.81700000000002 51.52000000000002),35.564787212207555,31.670886075949365,https://doi.org/10.5281/zenodo.5006332
NL-MAIN-e09881ff,DSO (3 and 4),POINT (-67.08191599999998 54.890827999999985),34.39476131206328,29.948051948051948,https://doi.org/10.5281/zenodo.5006332
QC-MAIN-b8c826a2,DSO (Goodwood),POINT (-67.34778 55.099389999999985),33.91566691192385,31.468354430379748,https://doi.org/10.5281/zenodo.5006332
BC-MAIN-bf503b6b,Highland Valley,POINT (-121.04829999999997 50.48549999999999),55.81112700857874,56.5125,https://doi.org/10.5281/zenodo.5006332
BC-MAIN-193ddddb,Schaft Creek,POINT (-131.00000000000003 57.36666999999999),51.99044922504661,52.4625,https://doi.org/10.5281/zenodo.5006332
BC-MAIN-3bb6b7cd,Trail,POINT (-117.7137 49.099899999999984),45.600207109194635,38.822784810126585,https://doi.org/10.5281/zenodo.5006332
QC-MAIN-2587e541,Strange Lake,POINT (-64.2 56.34999999999999),36.073122871694764,35.9,https://doi.org/10.5281/zenodo.5006332
BC-MAIN-23155c25,Myra Falls,POINT (-125.58999999999995 49.56999999999999),8.0,17.88607594936709,https://doi.org/10.5281/zenodo.5006332
YT-MAIN-68c87980,Freegold Mountain,POINT (-137.2 62.29999999999998),69.13763220389443,65.62820512820512,https://doi.org/10.5281/zenodo.5006332
QC-MAIN-b2148882,Troilus,POINT (-74.45999999999998 51.009999999999984),18.983864200589508,19.17721518987342,https://doi.org/10.5281/zenodo.5006332
ON-MAIN-4a6187a4,RapidSX Demonstration Plant,POINT (-76.5 44.233334000000006),35.27360198291371,32.93421052631579,https://doi.org/10.5281/zenodo.5006332
SK-MAIN-9dd2b7f8,Horseshoe-Raven,POINT (-103.73639 58.15332999999998),18.100429276205347,24.205128205128204,https://doi.org/10.5281/zenodo.5006332
ON-MAIN-387b06fe,Welland Mill,POINT (-79.23506500000002 42.998265),35.66139461413781,38.91304347826087,https://doi.org/10.5281/zenodo.5006332
ON-MAIN-de2f9639,Clarabelle,POINT (-81.05678200000001 46.49582200000001),44.43980363751085,35.037974683544306,https://doi.org/10.5281/zenodo.5006332
ON-MAIN-6e9b2449,Coleman,POINT (-81.33970000000001 46.6771),35.01633767004024,34.15384615384615,https://doi.org/10.5281/zenodo.5006332
ON-MAIN-f080c409,Copper Cliff Complex,POINT (-81.06820499999999 46.49144499999999),44.197108535726045,34.4625,https://doi.org/10.5281/zenodo.5006332
ON-MAIN-63b394c3,Copper Cliff Complex,POINT (-81.05689999999998 46.48010000000001),44.71753371357061,34.53164556962025,https://doi.org/10.5281/zenodo.5006332
ON-MAIN-52224e1e,Creighton,POINT (-81.18609999999997 46.47399999999999),39.5302078987548,33.175,https://doi.org/10.5281/zenodo.5006332
ON-MAIN-48fe2205,Garson,POINT (-80.85700000000001 46.56799999999999),47.61320681924276,35.29113924050633,https://doi.org/10.5281/zenodo.5006332
ON-MAIN-2e13aaa0,Port Colborne,POINT (-79.24000000000001 42.88299999999999),33.74419307963795,37.28787878787879,https://doi.org/10.5281/zenodo.5006332
MB-MAIN-e0a6250e,Thompson (T-1 and T-3),POINT (-97.84440000000001 55.7152),25.04627250940138,22.025974025974026,https://doi.org/10.5281/zenodo.5006332
ON-MAIN-28f3f0fc,Totten,POINT (-81.454839 46.38117399999999),33.659748290680966,29.617283950617285,https://doi.org/10.5281/zenodo.5006332
NL-MAIN-d9036091,Long Harbour,POINT (-53.81179199999999 47.410937999999994),47.03081341462931,41.8974358974359,https://doi.org/10.5281/zenodo.5006332
NL-MAIN-2d8801d6,Voisey’s Bay,POINT (-62.09085500000001 56.33165900000002),43.77321146445627,46.55,https://doi.org/10.5281/zenodo.5006332
QC-MAIN-860bbbfc,Lac Doré Vanadium,POINT (-73.95682 49.84572999999998),27.70160958310713,23.371794871794872,https://doi.org/10.5281/zenodo.5006332
YT-MAIN-e05ed9fe,Eagle (Dublin Gulch),POINT (-135.84559999999996 64.03219999999995),64.79258650847055,61.282051282051285,https://doi.org/10.5281/zenodo.5006332
QC-MAIN-d59f82aa,Sirmac,POINT (-75.47623999999999 50.62224999999999),16.89297869345848,16.935897435897434,https://doi.org/10.5281/zenodo.5006332
NT-MAIN-b1b28b01,Nechalacho - T-Zone & Tardiff Zone,POINT (-112.59971999999995 62.118059999999964),53.74552577917325,49.72727272727273,https://doi.org/10.5281/zenodo.5006332
AB-MAIN-63f096a6,Rainbow Lake,POINT (-119.30174 58.50664),41.65601010892171,41.81012658227848,https://doi.org/10.5281/zenodo.5006332
QC-MAIN-be473617,Mont Sorcier,POINT (-74.12757799999999 49.918163),24.428503820370075,21.961038961038962,https://doi.org/10.5281/zenodo.5006332
ON-MAIN-3c468faa,Superior Lake,POINT (-87.38361000000002 48.9775),37.8037389393215,26.43076923076923,https://doi.org/10.5281/zenodo.5006332
ON-MAIN-cb85213a,Eagle River,POINT (-85.46190000000003 47.986100000000015),25.73560038911167,19.161290322580644,https://doi.org/10.5281/zenodo.5006332
QC-MAIN-9de9bb0d,Kiena,POINT (-77.91 48.11999999999997),20.449633780755327,21.468354430379748,https://doi.org/10.5281/zenodo.5006332
ON-MAIN-c5fefb01,Mishi,POINT (-85.45250000000001 48.11028),21.298652260386007,19.614285714285714,https://doi.org/10.5281/zenodo.5006332
BC-MAIN-feb13c30,Record Ridge,POINT (-117.88399999999999 49.081999999999994),47.8467975280809,41.093333333333334,https://doi.org/10.5281/zenodo.5006332
YT-MAIN-5e0d8b48,Casino,POINT (-138.83333 62.73332999999999),67.37152962811476,66.96103896103897,https://doi.org/10.5281/zenodo.5006332
ON-MAIN-12c68d49,Eagle's Nest,POINT (-86.3038 52.74201999999999),14.300865089301578,14.189873417721518,https://doi.org/10.5281/zenodo.5006332
BC-MAIN-891d3cb5,Akie,POINT (-124.86598999999997 57.38088),35.079116585069116,35.333333333333336,https://doi.org/10.5281/zenodo.5006332
